2023,2022,2021,2020,2019,2018,2017,2016,2015,2014,2013,2012,2011,2010,2009,2008,2007,2006,2005,2004,DEPARTMENT,OPERATING INDICATOR / ASSET
150,150,150,150,150,150,150,150,150,150,150,150,150,150,"3,426","9,876","9,870","9,870","9,855","9,843",Information Technology Agency,Fiber optic cabling
6,6,6,6,6,6,6,6,6,6,6,6,6,6,6,6,6,6,6,6,Animal Services,Animal shelters
106,106,106,106,106,106,106,106,106,106,106,106,106,106,106,105,104,103,103,103,Fire,Fire stations
414,413,416,401,462,400,381,380,377,367,367,337,336,362,362,360,360,360,360,360,Fire,Fire apparatus
"1,396","1,402","1,415","1,358","1,382","1,380","1,347","1,345","1,374","1,374","1,374","1,374","1,374","1,374","1,374","1,374","1,374","1,276","1,276",,Police,Patrol units
29,29,29,29,29,29,29,29,28,29,29,29,29,28,26,25,21,21,21,,Police,Police stations
3,3,3,3,3,3,3,3,3,3,3,3,3,3,3,3,3,3,3,,Police,Police training centers
516,516,512,512,512,515,515,515,517,517,514,508,508,508,509,507,507,533,533,533,Bureau of Engineering,Number of Bridges
"216,210","211,437","205,025","223,000","223,000","220,000","219,000","220,000","210,662","209,397","207,384","206,757","204,750","204,000","207,000","206,000","231,402","221,113","218,248","242,000",Bureau of Street Lighting,Street lights
"6,500","6,500","6,500","6,500","6,500","6,500","6,500","6,500","6,500","6,500","6,500","6,500","6,500","6,500","6,500","6,500","6,500","6,489","6,493",,Street Services,Streets
730,735,738,726,707,727,709,697,698,701,750,750,732,742,744,744,725,705,751,,Sanitation,Refuse collection trucks
6,6,6,6,6,6,6,6,6,6,6,6,6,6,6,6,6,6,6,,Sanitation,Refuse yards
79,78,76,75,75,72,68,68,57,50,48,48,48,48,48,46,41,46,43,,Transportation,Automated traffic signal and control systems
18,15,15,15,15,15,14,14,14,14,14,13,13,13,12,12,12,14,14,,Transportation,Bike paths
498,470,469,432,392,392,390,399,387,385,371,361,407,450,468,440,488,535,516,,Transportation,Commuter buses
"4,845","4,835","4,816","4,789","4,775","4,744","4,703","4,697","4,683","4,677","4,657","4,625","4,607","4,589","4,530","4,515","4,506","4,555","4,251",,Transportation,Signalized Intersection & Signalized Midblock Pedestrian Crosswalk
232,232,232,232,232,232,232,232,232,232,232,232,232,232,232,232,232,232,232,,Recreation and Parks,Acres of beach land
"16,188","16,172","16,172","16,171","16,169","16,169","15,766","16,152","16,152","16,149","16,001","15,865","15,717","15,717","15,786","15,710","15,944","15,822","15,704",,Recreation and Parks,Acres park land including beaches
3,3,3,3,3,3,3,3,3,3,3,3,3,3,3,3,3,3,3,,Recreation and Parks,Archery ranges
256,256,256,256,256,256,256,256,256,256,256,256,256,256,256,256,255,253,253,,Recreation and Parks,Baseball/softball diamonds
411,411,410,408,400,387,387,387,387,387,383,368,368,368,368,368,377,377,374,,Recreation and Parks,Children's play areas
13,13,12,12,11,9,9,9,9,9,9,9,9,9,9,9,9,9,9,,Recreation and Parks,Dog parks
13,13,13,13,13,13,13,13,13,13,13,13,13,13,13,13,13,13,13,,Recreation and Parks,Golf courses
162,162,162,162,162,92,92,92,92,92,92,92,92,92,92,92,92,92,92,,Recreation and Parks,Hiking trails
11,11,11,11,11,11,11,11,11,11,11,11,11,11,11,11,11,11,11,,Recreation and Parks,Historical sites
6,6,6,6,6,6,6,6,6,6,6,6,6,6,6,6,6,6,6,,Recreation and Parks,Horticulture centers
114,114,114,114,114,95,95,95,95,95,95,95,95,95,95,95,95,95,95,,Recreation and Parks,Indoor gyms
13,13,13,13,13,13,13,13,13,13,13,11,11,11,11,11,9,9,9,,Recreation and Parks,Lakes
73,73,73,73,73,73,73,73,73,73,73,73,73,73,72,72,72,72,72,,Library,Libraries
4,2,2,2,2,2,2,2,3,2,2,2,2,2,26,26,26,25,24,,Recreation and Parks,Licensed child-care centers
12,12,12,12,12,12,12,12,12,12,12,12,12,12,12,12,7,7,7,,Recreation and Parks,Museums
490,490,490,487,446,446,490,444,444,442,435,427,427,427,417,404,398,397,396,,Recreation and Parks,Park sites
59,59,59,62,62,62,62,62,62,62,62,61,61,61,60,60,60,60,59,,Recreation and Parks,Pools
123,123,123,123,184,184,184,184,184,184,184,184,184,184,183,183,181,180,179,,Recreation and Parks,Recreational centers
7,7,7,7,7,5,5,5,5,5,5,5,5,5,5,5,5,5,5,,Recreation and Parks,Recreational parks
7,7,7,7,9,9,9,9,9,9,9,7,7,7,7,7,7,7,7,,Recreation and Parks,Residential camps
29,29,29,29,30,29,35,30,31,35,31,31,31,31,31,31,30,30,30,,Recreation and Parks,Senior citizen centers
29,27,27,27,27,26,26,26,26,28,21,18,9,9,9,9,7,7,7,,Recreation and Parks,Skate parks
319,319,319,319,321,321,321,321,321,321,321,321,321,321,321,321,287,287,287,,Recreation and Parks,Tennis courts
19,19,19,19,19,19,19,19,19,19,19,19,12,12,12,12,12,12,12,,Recreation and Parks,Wedding sites
2,2,2,2,2,2,2,3,3,3,3,4,4,4,4,4,4,4,4,4,Airports,Number of airports
23,23,23,23,23,23,23,23,23,23,24,24,24,24,25,25,25,27,26,26,Harbor,Number of cargo terminals
8,8,8,8,8,8,8,8,8,8,8,8,8,8,8,8,8,8,8,8,Harbor,Number of major container terminals
200,200,201,250,269,245,245,245,241,242,242,235,235,51,50,51,50,67,60,60,Power,Generating units
"10,717","10,493","10,462","10,470","10,350","10,397","10,329","10,300","10,288","10,213","10,220","10,220","10,186","10,140","8,782","6,947","6,954","7,268","7,268","6,949",Power,Overhead distribution lines
"3,755","3,755","3,769","3,769","3,791","3,760","3,632","3,632","3,632","3,632","3,632","3,626","3,626","3,631","3,631","3,643","3,643","3,643","3,631","3,631",Power,Transmission lines
"3,998","3,973","3,942","3,857","3,732","3,710","3,693","3,680","3,677","3,608","3,561","3,594","3,547","3,505","3,235","6,095","6,061","6,115","6,115","6,257",Power,Underground distribution lines
"6,750","6,700","6,700","6,700","6,700","6,700","6,700","6,700","6,700","6,700","6,700","6,700","6,700","6,500","6,500","6,550","6,500","6,500","6,500","6,500",Wastewater,Sanitary sewers
"1,220","1,220","1,220","1,319","1,306","1,306","1,293","1,272","1,260","1,260","1,244","1,200","1,200","1,200","1,200","1,200","1,000","1,000","1,200","1,500",Wastewater,Storm drain
472,472,472,472,472,472,472,472,472,472,472,472,472,390,367,367,340,571,571,571,Water,Aqueduct
"7,341","7,341","7,340","7,340","7,340","7,337","7,315","7,288","7,270","7,263","7,246","7,225","7,221","7,273","7,248","7,227","7,229","7,137","7,119","7,108",Water,Distribution pipe
124,117,118,118,118,118,118,120,120,114,114,114,114,106,114,104,108,107,107,109,Water,Number of storage reservoirs and tanks
"715,459","713,032","712,451","710,917","714,427","719,479","690,728","729,680","704,176","696,989","702,485","701,644","719,154","718,511","716,919","715,430","712,184","709,988","708,167","706,789",Water,Service connections
,,,,,,,,,,,,,,,,,,,,,
,,,,,,,,,,,,,,,,,,,,,
,,,,,,,,,,,,,,,,,,,,,
"1,000","1,000",825,425,311,169,,,,,,,,,,,,,,,Cannabis,Number of Cannabis Businesses
182,372,414,325,343,344,321,352,362,308,342,315,477,632,845,769,699,575,549,,City Attorney,Combined criminal jury and court trials
67,75,86,65,51,130,120,146,--,--,--,--,--,--,--,--,--,--,--,707,City Attorney,Consumer cases concluded
189,210,290,213,123,200,200,230,100,150,160,159,160,170,300,265,230,200,194,,City Attorney,Consumer protection-cases reviewed
435,475,463,471,459,465,452,383,412,409,329,488,312,350,600,542,450,375,250,,City Attorney,Environmental cases concluded
923,667,905,"1,097",855,744,764,"1,007",842,608,603,435,402,395,250,300,176,400,320,,City Attorney,Housing/rent control cases concluded
82,78,72,78,104,86,84,97,48,50,46,--,--,62,--,--,--,--,--,,City Attorney,Percent of issues resolved within the neighborhood prosecutor program
83,78,66,78,69,72,73,71,71,71,--,--,--,--,--,--,--,--,--,--,General Services,% of Maintenance work orders completed
111,84,85,84,71,71,75,77,88,100,--,--,--,--,--,--,--,--,--,--,General Services,City-as-tenant leases remaining-Includes 5 Bridge Leases funded by HEAP
13,12,0,9,19,20,20,20,8,12,--,--,--,--,--,--,--,--,--,--,General Services,Energy Conservation: # of energy audits completed
79,81,84,87,87,88,89,84,83,83,85,--,--,--,--,--,--,--,--,--,General Services,Fleet availability rate for Sanitation
80,84,86,86,87,81,84,82,85,79,78,--,--,--,--,--,--,--,--,--,General Services,Fleet availability rate for Street Services
90,91,92,88,88,92,92,93,92,90,91,--,--,--,--,--,--,--,--,--,General Services,Fleet availability rate for Transportation
100,100,100,100,100,100,100,90,90,85,--,--,--,--,--,--,--,--,--,--,General Services,% of municipal facilities cleaned daily
30,32,24,31,36,44,27,35,--,--,--,--,--,--,--,--,--,--,--,--,General Services,Procurement Reform: # of days to process purchase orders under $100K
"1,364,060","1,409,330","1,444,964","1,456,237","1,179,694","898,435","1,057,107","1,193,757","1,166,105","1,083,097","1,062,894","1,211,000","1,341,000","1,417,801","1,402,658","1,257,629","998,218","890,233","611,982","403,386",Information Technology Agency,Number of calls received
"2,178,266","2,198,227","2,226,070","2,138,683","1,779,798","1,384,829","1,484,035","1,481,185","1,338,830","1,192,706","1,190,105",--,--,--,--,--,--,--,--,--,Information Technology Agency,Total Contacts
282,222,190,158,174,294,370,142,61,70,224,170,180,140,40,53,--,--,--,--,Information Technology Agency,Average wait time per caller
"1,324","1,200","1,163",647,614,408,320,258,343,152,-,114,--,--,--,--,--,--,--,,Neighborhood Empowerment,Community Impact Statements submitted by Neighborhood Councils
"1,182","1,098","1,384","1,473","1,571","2,133","2,666","3,465","4,472","4,819","4,839","5,146","5,567","6,297","7,771","6,677","5,880","5,545","4,187",,Office of Finance,Total tax accounts audited
"63,514","71,214","88,525","98,682","111,916","122,918","149,547","138,278","143,328","157,949","124,389","107,696","133,009","93,072","83,611","71,234","52,441","27,738","24,463",,Office of Finance,Revenue enhancement unit investigations
"9,074","12,665","10,109","19,338","4,331","6,596","5,722","7,417","6,188","8,411","10,667","10,010","16,969","15,591","27,934","26,125","19,374","14,240","13,555",,Office of Finance,Refund claims processed
"24,063","20,108","18,224","17,732","21,656","23,143","23,628","22,017","24,457","27,551","27,385","31,019","27,281","28,332","30,184","25,700",--,--,--,,Office of Finance,Collections from Citywide Collection Unit
"380,660","395,290","330,422","322,104","308,506","261,926","220,381","194,545","169,463","142,220","120,747","96,787","70,657","13,687","28,613","17,548",--,--,--,,Office of Finance,Annual Business Tax renewal e-filings
88,74,67,86,73,73,65,71,69,73,--,--,--,--,--,--,--,--,--,,Personnel,Exams completed in 150 days
"22,241","21,856","31,305","34,420**","9,188*","14,496","20,231","7,996","5,624","4,119",951,--,--,--,--,--,--,--,--,,Personnel,Non-mandated courses completed in the Online Training Academy
"42,176","40,396","33,314","44,682","55,515","53,595","52,460","51,676","57,225","56,813","61,632","64,952","64,417","64,333","65,445","57,804","55,570","57,063","57,923","59,065",Animal Services,Animals impounded
"27,563","26,227","19,226","27,573","35,543","34,811","32,920","31,100","32,826","32,910","32,440","30,414","29,525","26,952","28,154","23,608","25,427","19,592","18,879","18,741",Animal Services,Animals adopted
"6,439","5,979","2,195","4,024","6,497","7,015","8,425","10,931","14,083","15,028","17,063","23,955","24,632","25,298","24,742","19,942","18,108","19,524","25,029","29,554",Animal Services,Animals euthanized
"73,777","84,206","84,703","104,550","124,474","120,669","130,242","131,959","120,975","123,008","126,234","123,060","121,817","116,500","121,138","114,531","126,538","124,802","130,121","131,522",Animal Services,Dog licenses issued
"173,188","170,414","147,721","166,417","177,972","177,783","164,890","156,942","141,445","133,573","126,426","121,140","115,699","115,225","110,962","127,502","139,082","141,288","141,786","143,998",Building and Safety,Building Permits issued
95,97,97,96,84,84,91,90,95,94,96,98,98,98,--,--,--,--,--,,Building and Safety,Response to inspection requests within 24 hours
82,76,73,76,77,81,75,82,78,88,91,89,86,88,--,--,--,--,--,,Building and Safety,Plan reviews completed within 15 days
76,84,80,74,78,74,69,59,47,52,51,54,56,63,--,--,--,--,--,,Building and Safety,Complaints responded to within 10 days
"3,896","3,743","3,871","3,896","4,002","4,012","4,449","4,430","4,562","4,698","4,624","4,871","4,172","3,734","4,026","3,800","3,327","3,406","3,222",--,Fire,Actual Fires - Structure fires
"32,718","33,812","31,213","22,063","17,521","17,016","13,971","13,137","12,917","12,069","10,836","10,991","10,686","11,640","12,173","7,400","10,060","9,358","6,303",--,Fire,Actual Fires - Non structure fires
"103,098","115,441","106,824","97,667","91,492","133,401","140,933","132,546","127,380","133,080","121,381","122,492","118,986","114,121","138,200","137,687","137,309","137,687","131,293","130,301",Fire,Emergency responses - Fires (includes automatic alarms)
"4,128","3,644","3,168","3,587","3,103","3,225","4,101","5,238","4,190","4,949","4,734","4,852","5,209","4,636","5,700","5,730","5,567","5,730","5,464","5,726",Fire,Emergency responses - Hazardous conditions
"34,309","30,943","27,202","26,173","28,558","31,771","35,366","44,604","34,331","40,268","40,822","39,324","37,834","38,247","35,500","30,211","35,773","30,211","28,808","33,826",Fire,Emergency responses - Rescues and others
5.08,5,5,5,4,4,4,4,4,4,4,-,-,-,-,-,-,-,-,-,Fire,Average Travel Time to Fire Incident
0.9,1,1,1,1,1,1,1,1,1,1,-,-,-,-,-,-,-,-,-,Fire,Average Time to Leave Station after Notified - Fire Incident
1.11,1,1,1,1,1,1,1,1,1,1,-,-,-,-,-,-,-,-,-,Fire,Call Processing Time
5.13,5,5,5,4,4,4,4,4,4,4,-,-,-,-,-,-,-,-,-,Fire,Average Travel Time to EMS Incident
0.9,1,1,1,1,1,1,1,1,1,1,-,-,-,-,-,-,-,-,-,Fire,Average Time to Leave Station after Notified - EMS Incident
"134,003","131,294","112,600","119,849","126,734","130,804","129,692","124,623","111,690","101,228","103,856","104,604","106,827","110,827","115,000","124,000","132,664","144,100","151,552",,Police,Part I crimes reported
"95,604","92,368","78,881","88,821","92,489","97,218","96,128","98,535","95,257","90,525","84,174","85,938","74,251","77,325","84,000","95,000","108,246","67,400","67,977",,Police,Part II crimes reported
"58,019","56,459","66,808","73,495","86,696","96,003","99,011","126,434","125,567","130,262","150,552","162,698","160,480","151,174","168,000","167,000","171,390","185,000","175,666",,Police,Total arrests
7.2,6,6,6,6,6,6,6,6,7,6,6,6,7,7,--,--,--,--,,Police,Response to emergency calls
"1,793","1,875","13,755","22,050","25,368","25,387","25,259","24,399","24,974","21,026","20,996","21,216","18,448","20,408","26,000","25,000","23,755","26,014","24,776",,Police,Fatal and severe* injury traffic accidents
"111,773","107,729","142,938","220,062","200,439","216,673","219,911","234,311","336,683","447,062","428,178","504,312","564,432","594,193","553,000","527,000","501,964","466,190","443,990",,Police,Traffic citations issued
"3,413,249","2,936,633","3,063,867","3,631,870","3,530,072","3,366,438","3,147,224","3,196,225","3,220,084","2,284,913","2,276,363","2,269,872","2,140,387","3,557,626","2,520,000","2,303,000","2,104,658","1,726,179","1,752,555",,Police,Complaint board calls received - 911
"3,466","3,833","3,554","3,096","4,049","4,929","4,241","4,105","3,923","3,397","5,070","4,342","5,492","9,669","6,778","3,811",--,--,--,,Police,Number of completed fingerprint cases
"1,196",988,833,"1,166","1,072","1,254","1,275","1,158","1,105","1,030","1,188",--,"1,097","1,332","2,740","7,240",--,--,--,,Police,Number of completed sexual assault kits
"32,173","28,677","35,021","27,943","25,319","28,096","32,388","27,545","30,620","32,638","26,117","30,094","35,696","32,771","28,294","31,749","30,504","25,975","21,441","22,907",Board of Public Works,Graffiti eradicated/square footage
73,74,73,68,62,73,77,55,48,66,58,63,63,66,--,--,--,--,--,,Board of Public Works,Graffiti removal requests completed in 24 hrs
100,144,185,172,184,176,175,150,224,147,157,169,144,--,--,--,--,--,--,--,Bureau of Contract Administration,Number of private development inspections
0.57,2,1,0,1,1,1,1,1,2,1,1,1,1,1,1,--,0,1,--,Bureau of Contract Administration,Prevailing wage restitution collected
30,53,77,100,60,88,66,82,83,77,58,51,65,61,--,--,--,--,--,,Bureau of Engineering,Completed capital projects
28,25,33,45,30,28,17,37,28,17,21,18,10,16,--,--,--,--,--,,Bureau of Engineering,Completed capital projects
32,32,45,28,25,27,23,25,36,30,37,23,43,47,--,--,--,--,--,,Bureau of Engineering,Completed capital projects
99.15,99,99,99,99,99,99,99,99,99,99,99,--,--,--,--,--,--,--,,Bureau of Street Lighting,Percent of streetlights operating
94,94,92,91,89,84,82,80,76,72,65,40,--,,,,,,,,Bureau of Street Lighting,Percentage of streetlights that are LED
100,99,96,96,97,98,99,91,93,96,97,97,93,95,97,97,97,98,97,,Street Services,% of Completion frequency-posted routes
513,550,557,663,720,660,848,855,855,,,,,,,,,,,,Street Services,Streets resurfaced
832,"1,344",988,"1,080","1,546","1,739","1,560","1,555","1,545",,,,,,,,,,,,Street Services,Streets slurry sealed
68,76,63,53,86,55,49,58,101,76,97,144,144,36,76,40,51,46,100,,Street Services,Bus pads constructed
324,350,376,362,308,532,526,742,"1,035","1,256","1,560","1,724","1,829","1,556","1,044","1,094",570,893,"1,200",,Street Services,Access ramps constructed
8,10,11,13,-,-,50,65,170,107,30,11,29,15,--,--,--,--,--,,Street Services,Concrete bus landings installed
"465,824","587,819","568,392","524,247","313,648","329,410","309,343","118,732",--,--,--,--,--,--,59,59,51,59,52,,Street Services,Sidewalks repaired
"43,873","29,633","31,252","37,038","31,693","31,844","36,036","33,850","23,142","14,847","19,607","12,720","11,240","23,181",--,--,--,--,--,,Street Services,Trees trimmed by City Forces - not by contractors
"862,735","554,887","881,243","824,393","908,679","820,592","1,513,764","1,121,767","1,050,411","1,402,144","1,416,500","1,206,612","1,190,244","1,448,820",--,--,--,--,--,,Street Services,Small asphalt repairs
2.4,2,1,1,3,2,1,,,,,,,,,,,,,,Street Services,Response time to street pothole service requests
"93,441","84,012","82,213","64,222","90,279","95,561","91,021","114,699","73,772","65,492","65,000","68,750","63,070","87,051","115,000","112,300","113,068","123,521","87,239",,Sanitation,Catch basin cleaning
82,81,82,85,83,82,80,78,78,76,78,74,71,66,61,44,--,--,--,,Sanitation,% of Convert refuse collection fleet to clean fuels
"1,026,327","1,076,972","1,006,473","964,151","942,041","928,377","953,670","907,611","873,104","852,635","848,890","851,434","882,005","867,113","1,034,429","1,034,429","932,196","955,092","1,009,618",,Sanitation,Tons Collected - Refuse
"402,297","392,610","425,133","462,175","411,188","414,729","417,354","417,325","425,070","428,237","522,737","470,527","492,341","474,657","555,049","545,467","507,100","503,646","495,387",,Sanitation,Tons Collected - Yard trimmings
"234,801","256,040","262,021","221,089","210,944","207,756","224,796","216,542","209,924","198,143","150,380","143,338","148,194","141,314","170,000","206,369","181,215","191,024","193,941",,Sanitation,Tons Collected - Recyclables
"19,246","44,299","55,499","52,090","54,238","53,766","91,225","60,101","46,416","33,720","34,000","27,640","32,479","33,330","33,146","33,146","33,047","33,038","31,150",,Sanitation,Tons Collected - Bulky items
78,75,64,68,69,64,62,96,81,79,84,78,59,45,58,43,--,--,--,,Transportation,Active traffic congestion relief projects
"1,733,033","1,805,286","1,593,817","1,775,106","2,086,277","2,237,086","2,302,206","2,395,778","2,489,390","2,659,718","2,654,910","2,522,302","2,461,529","2,587,925","2,784,351","2,806,712","3,102,611","3,205,565","3,101,079",,Transportation,Citations written
604,566,541,544,538,537,529,523,524,507,492,492,486,486,486,486,486,501,525,,Transportation,Crossing guard assignments
"42,167","31,373","87,624","62,260","43,019","53,901","32,400","27,615","25,997","23,490","23,730","30,370","27,622","42,842","72,618","90,478","79,415","56,837","84,262",,Transportation,Hours of intersection control
23,26,32,40,10,10,12,9,23,41,101,51,17,10,7,4,--,--,--,,Transportation,Increase in bicycle lane miles
11,19,29,16,32,32,19,31,11,19,32,105,--,--,--,--,--,--,--,,Transportation,New signals (Traffic and Pedestrian) installed
"54,723","62,075","45,025","52,591","58,501","61,060","32,647","31,245","49,910","39,999","45,921","48,648","41,244","44,334","55,057","54,231","8,813","18,359","10,000",,Transportation,Peak hour tows and other tows
215,245,250,203,99,199,295,362,334,372,392,470,466,540,611,523,729,526,500,,Transportation,Red curb miles reinstalled/installed
"29,398","39,327","47,876","38,275","20,978","28,115","46,189","52,422","49,029","7,812","43,728","66,556","63,019","89,415","108,032","96,885","116,414","30,000","21,000",,Transportation,Signs maintained/replaced
"651,765","641,705","290,468","654,822","770,211","726,009","726,200","646,724","365,068","436,589","471,376","423,759","414,268","347,990","365,389","383,005","360,573",--,--,,Transportation,Temporary signs installed/removed
656,"1,231",890,654,"1,470",933,963,"1,326",137,61,151,925,540,632,617,717,820,883,850,,Transportation,Thermoplastic longline striping installed/reinstalled
"15,424,048","13,451,113","9,629,615","14,277,781","19,292,796","18,527,770","19,741,533","23,895,017","24,306,283","25,453,959","26,467,594","23,824,821","27,466,279","30,535,921","31,860,898","30,724,278","29,990,787","30,765,034","30,851,486",,Transportation,Total transit vehicle passenger trips
"12,270","15,302",694,694,735,626,725,766,"10,797","8,832","8,769","8,832",--,--,--,--,--,--,--,,Transportation,Traffic signals repaired
99,54,-,89,138,148,153,167,156,126,140,137,149,161,161,180,175,130,126,,City Tourism,Exhibit hall events hosted
20,13,-,12,23,27,32,29,25,23,24,23,22,13,19,14,16,13,14,,City Tourism,Hosted Citywide Conventions
"376,525","124,852",-,"227,059","362,442","440,634","503,036","496,886","320,900","299,274","215,800","291,700","363,000","167,160",--,--,--,--,--,,City Tourism,Delegates attending Citywide Conventions
"2,902","3,031","1,502","2,079","2,852","1,371",692,655,"1,082",65,60,52,27,46,52,70,70,70,70,,Cultural Affairs,Art exhibitions and gallery programs presented
371,486,269,146,150,149,133,118,142,20,17,15,18,30,33,104,104,104,104,,Cultural Affairs,Special events/festivals
494,450,227,308,415,591,751,505,759,--,--,--,--,--,--,--,390,400,292,,Cultural Affairs,Music/theatre programs presented
"138,867","150,052","136,966","162,216","228,646","185,546","182,078","121,356","212,506","15,000","14,000","13,500","13,000","15,000","16,850",--,--,--,--,,Cultural Affairs,Art class enrollment
"80,242","51,360","26,559","149,812","81,379","98,498","112,200","68,129","91,166","150,000","140,000","128,625","115,000","121,014","120,000",--,--,--,--,,Cultural Affairs,Theater attendance
76,30,32,114,93,122,152,137,73,119,--,--,--,--,--,--,--,--,--,,El Pueblo,Cultural and special events
"256,832","46,665","82,239","283,557","443,648","493,460","656,322","582,623","627,301","588,517",--,--,--,--,--,--,--,--,--,,El Pueblo,Museum visitors
"21,866,853","18,874,937","15,203,658","16,282,884","17,153,200","16,142,466","16,276,897","16,353,158","15,800,499","15,086,605","14,983,679","15,337,032","15,144,804","16,524,292","15,925,000","15,900,000","15,800,000","15,639,485","15,744,303",,Library,Items circulated
"3,029,366","2,863,691","2,696,713","2,546,442","2,338,648","2,120,032","1,665,288","1,411,764","1,236,890","1,148,250","1,099,165","1,076,578","1,231,764","1,368,354","1,475,000","1,445,000","1,440,000","1,429,345","1,424,922",,Library,Registered borrowers
"4,545,301","3,710,717","36,828","6,591,517","10,214,070","11,198,977","13,145,751","13,504,301","14,093,505","14,584,162","14,096,741","13,821,289","12,673,629","16,041,407","16,400,000","16,100,000","16,003,909","14,032,869","14,011,932",,Library,Number of people visiting library facilities
"160,784","50,655","79,116","270,482","349,820","402,881","417,831","368,339","371,810","355,211","531,498","332,937","301,387","283,000","282,380","279,560",--,--,--,,Library,Attendance level for cultural programming
"2,753,968","1,656,417","216,335","920,940","2,764,705","2,592,208","2,430,377","2,962,513","2,648,817","2,951,899","3,255,404","2,696,366","2,635,207","3,296,327","2,811,807","2,849,338",--,--,--,,Recreation and Parks,Aquatics - Pool attendance
"103,468","207,097","91,301","67,065","63,060","73,929","70,654","65,283","66,626","62,427","55,624","56,204","18,900","34,060","39,513","52,000","50,000","48,454","52,652",,Recreation and Parks,Camps - Camper days
"15,736","35,987","14,148","48,405","55,570","75,306","81,572","86,806","83,045","90,815","101,916","94,141","72,502","75,500","76,543","76,000","74,000","76,498","73,307",,Recreation and Parks,Municipal Sports - Team sports participants
"434,526","366,888","129,094","368,514","496,342","541,539","539,173","537,762","472,044","429,085","310,000","325,000",--,--,--,--,--,--,--,,Recreation and Parks,Visitors to museums (excluding Griffith Observatory)
1,-,2,2,4,2,5,8,7,10,8,16,--,--,--,--,--,--,--,,Recreation and Parks,New parks opened to the public
"1,250,733","653,836","10,575","1,080,718","1,532,916","1,628,315","1,566,700","1,417,282","1,264,376","1,155,104","1,033,429",,,,,,,,,,Recreation and Parks,Observatory Attendance
"747,493","534,672","68,995","628,184","744,509","709,056","675,291","456,607","416,053","448,860","889,000","819,000",--,--,--,--,--,--,--,,Recreation and Parks,Number of visitors to the Expo Center
"1,515,878","1,408,915","656,689","1,191,773","1,803,699","1,802,387","1,743,795","1,784,786","1,752,279","1,550,343","1,506,274","1,660,450","1,543,232","1,459,080","1,556,162","1,602,171","1,564,674","1,523,469","1,396,538",,Zoo,Attendance
"83,262","84,838","93,958","84,038","121,155","125,648","123,253","130,175","132,101","131,269","129,354","128,300","134,412","135,057","134,849","142,152","133,807","130,200","145,000",,Aging,Prop A - One-way transportation trips
"469,967","640,890","1,205,441","753,133","624,406","666,705","681,524","697,731","726,873","711,895","768,560","834,063","844,074","845,797","840,605","835,229","859,169","906,858","964,196",,Aging,Congregate meals served
"826,824","742,785","998,532","813,338","707,325","721,423","725,079","737,256","739,957","755,480","768,536","756,462","781,553","809,649","791,422","817,630","816,581","845,904","839,460",,Aging,Homebound meals served
936,"1,662","2,596","1,476","4,145","4,515","2,652","2,486","2,872","8,490","7,682","14,820","13,026","13,412","12,012","2,668","3,032","3,537","4,811",,Aging,Community education participants
20,10,9,6,6,6,3,5,2,2,3,4,--,--,--,--,--,--,--,--,City Planning,No. of Community Plans Less Than 10 Years Old
"2,800","3,100","2,700","3,005","3,113","2,898","2,110","3,522","2,133","1,774","1,549","1,432",--,--,--,--,--,--,--,--,City Planning,Annual Number of Cases Completed
23,30,16,30,19,35,17,11,9,--,--,--,--,--,--,--,--,--,--,--,City Planning,Entitlement Cases Requiring an Environmental Impact Report
186,179,303,397,490,327,94,389,397,245,342,294,--,--,--,--,--,--,--,,Disability,Sign language and captioning requests processed
2,2,2,3,2,1,1,1,1,1,1,1,--,--,--,--,--,--,--,,Disability,Syringes removed
"53,927","51,270","36,956","27,945","33,640","23,000","25,000","27,528","25,569","46,877",--,--,--,--,--,--,--,--,--,,Disability,Individuals serviced by Prevention Program
952,"17,242","19,491","18,793","18,630","18,000","10,000",-,-,"37,176",,,--,,,,--,--,--,,Disability,HIV tests/referrals provided
270,203,141,167,128,232,324,291,205,221,231,64,182,--,--,--,--,--,--,,Economic and Workforce Development,Businesses established by Business Source
"13,181","13,389","13,860","23,182","26,898","32,430","32,075","34,946","22,302","3,900","4,695","4,218","6,237",--,--,--,--,--,--,,Economic and Workforce Development,Number of total WIOA enrollments
631,644,301,898,"1,162","1,069","1,364","1,039","2,000",331,,,,,,,,,,,Economic and Workforce Development,Number of new jobs created through business source and lending
"8,461","13,262","10,817","7,264","20,060","16,834","15,500","15,070","11,382","10,256",,,,,,,,,,,Economic and Workforce Development,Number of HireLA Youth placed in employment
41,22,59,87,72,56,44,81,88,91,--,--,--,--,57,133,120,125,90,,Housing and Community Investment,Low income units financed by GAP under the Homeownership Program
26,3,-,-,37,48,86,61,84,114,121,195,41,80,138,135,--,--,--,,Housing and Community Investment,Number of housing units made lead safe
"48,215","47,486","46,043","45,875","43,275","41,812","42,757","40,218","46,041","25,061","21,578","20,226","20,684","15,121","18,000","18,000","17,476","17,000","15,000",,Housing and Community Investment,Affordable units monitored
"120,547","132,066","74,077","86,095","155,388","178,646","177,795","169,568","164,655","165,928","180,484","178,160","176,908","189,611","180,776","192,316","213,224","152,106","153,000",,Housing and Community Investment,Periodic unit inspections
"800,000","760,000","760,000","750,000","750,000","750,000","720,000","742,523","720,000","180,000","179,728","189,771","180,000","183,741","183,741",--,--,--,--,,Housing and Community Investment,Multi-family unit inspected every 4 years
"1,193","1,068","1,106","1,231","1,067",669,559,405,476,381,--,--,--,--,550,525,575,550,510,,Housing and Community Investment,Rent adjustments processed
"555,468","559,825","423,829","445,977","514,464","508,064","528,716","532,046","528,395","530,894","529,106","531,603","531,999","532,691","518,000","518,000","518,658","600,000","600,000",,Housing and Community Investment,Rental units registered
"8,673","8,711","6,924","10,163","9,405","9,728","7,661","6,897","6,248","5,874","5,780","5,426","6,408","5,632","8,900","8,100","7,404","8,000","8,000",,Housing and Community Investment,Tenant complaints processed
78,92,93,87,88,79,78,79,89,88,--,--,--,--,--,--,--,--,--,,Housing and Community Investment,Percent of complaints resolved within 120 days
855,"2,472",820,824,"1,653",669,459,585,526,828,--,--,--,--,--,--,--,--,--,,Housing and Community Investment,Number of new funded transit oriented development housing units
325,129,474,"1,491","1,285",82,"1,364","3,441",842,344,--,--,--,--,--,--,--,--,--,,Housing and Community Investment,Number of housing units contacted that are at risk of losing their affordability restrictions
876,846,664,770,937,957,933,970,944,974,939,976,989,"1,025","1,049","1,249","1,225","1,220","1,270","1,280",Airports,Aircraft movements
71,61,29,63,88,87,83,82,76,73,69,67,65,63,62,69,69,69,68,65,Airports,Passengers
"2,375","2,945","2,817","2,285","2,401","2,416","2,316","2,655","2,588","2,393","2,400","2,366","2,296","2,242","2,018","2,519","2,631","2,677","2,718","2,661",Airports,Air cargo
91,113,114,100,114,103,106,106,103,99,93,98,94,88,94,105,118,113,102,104,Harbor,Inbound tonnage
88,109,102,84,97,88,92,79,75,74,72,75,68,67,66,65,72,69,60,58,Harbor,Outbound tonnage
9,10,10,9,10,9,9,8,8,8,8,8,8,7,7,8,9,8,7,7,Harbor,Containerized cargo volume
"1,757","1,917","1,668","1,731","1,917","1,904","2,060","2,014","1,846","2,196","2,089","2,100","2,236","2,124","2,322","2,467","2,920","2,771","2,646","2,812",Harbor,Vessel arrivals
"1,445,613","490,978","6,221","487,013","586,786","479,388","534,484","676,644","578,902","541,418","355,875","515,827","667,434","802,899","990,965","1,191,449","1,194,984","1,205,947","1,097,204","803,308",Harbor,Cruise passengers
23,23,23,22,23,23,24,25,25,26,26,25,25,26,25,26,26,26,25,25,Power,Kilowatt hours sold
"1,575","1,565","1,548","1,537","1,529","1,516","1,507","1,499","1,493","1,503","1,479","1,471","1,461","1,447","1,452","1,446","1,448","1,445","1,437","1,428",Power,Customers- number
24,24,24,24,25,25,26,27,27,27,27,28,27,28,29,29,28,30,29,29,Power,Energy production
"328,200,000","398,900,000","300,300,000","349,616,610","476,850,850","445,630,321","475,091,080","412,191,134","296,379,450","251,556,177",--,--,--,--,--,--,--,--,--,--,Power,Kilowatt hours of power from energy efficiency
"102,082","97,429","86,800","70,300","65,578","46,700","29,250","11,519","7,532",800,--,--,--,--,--,--,--,--,--,--,Power,Cumulative Feed in Tariff (FiT) installations
451,129,"7,130","6,000","32,330","28,730","44,599","40,710","27,250","28,861","24,505","18,919","13,518","4,650","4,699","2,078",--,--,--,--,Power,Solar Incentive Program (SIP) installed capacity
"295,943","295,492","295,358","271,850","282,858","250,528","221,798","176,330","135,620","105,466","79,605","55,099","36,181","22,663","17,248","12,549","10,471",--,--,--,Power,Solar Incentive Program (SIP) cumulative capacity
0.81,1,1,1,1,1,1,1,1,0,0,1,1,1,1,1,--,--,--,--,Power,System Average Interruption Frequency Index - SAIFI
213,115,161,102,175,150,162,125,85,62,72,190,115,121,78,122,--,--,--,--,Power,System Average Interruption Duration Index - SAIDI
"3,459","3,799","3,944","4,033","3,757","3,018","2,656","2,436","2,393","1,599","1,135","1,813","2,211","3,113","2,745",--,--,--,--,--,Power,"Power poles replaced, installed and reinforced"
262,251,248,257,267,259,258,252,263,279,285,288,297,299,314,322,341,337,358,339,Wastewater,HWRP wastewater treatment
60,48,73,73,68,74,73,47,45,47,46,45,45,45,44,45,44,44,44,42,Wastewater,HWRP wastewater recycled
15,14,12,12,12,12,14,15,16,15,16,16,15,16,16,16,16,16,16,,Wastewater,TIWRP wastewater treatment
6,6,5,4,2,3,2,4,5,4,4,1,2,4,5,4,3,1,1,,Wastewater,TIWRP wastewater recycled
16,17,17,17,17,17,16,17,18,18,19,19,20,20,20,19,16,13,16,,Wastewater,LAGWRP wastewater treatment
11,13,14,14,14,15,14,14,14,15,16,16,17,18,17,17,14,4,3,,Wastewater,LAGWRP wastewater recycled
43,43,39,41,43,43,49,51,47,43,57,57,52,52,65,62,54,49,57,,Wastewater,DCTWRP wastewater treatment
32,31,28,29,29,28,29,31,32,33,28,28,32,34,32,30,25,25,26,,Wastewater,DCTWRP water recycled
"6,790","6,644","6,640","6,393","6,787","6,870","6,830","7,127","6,928","6,614","6,750","6,750","6,093","5,903","5,000","4,981","4,930","4,797","3,627",,Wastewater,CWCD sewer cleaning - miles of sewers cleaned
134,149,157,150,146,154,147,149,162,177,178,170,169,166,189,199,207,194,191,203,Water,Gallons sold
697,694,692,689,687,683,680,678,676,679,676,674,667,659,666,666,667,670,664,662,Water,Customers - number
101,113,113,105,105,112,102,104,114,123,131,123,122,125,141,151,156,147,--,,Water,Per capita water use
"1,375","1,114","1,064","1,099","1,495","1,450","1,390","1,547","1,241","1,146","1,148","1,319","1,237","1,453","1,422","1,363","2,031",--,--,,Water,Water main breaks
38,32,30,27,32,41,242,207,175,154,131,102,85,63,47,29,14,--,--,,Water,Cumulative miles of water main replaced
51,75,63,32,30,36,45,71,71,76,69,39,31,48,71,65,44,--,--,,Water,Percentage of Water purchased from MWD
7,11,11,7,7,4,10,16,18,12,10,11,9,14,10,11,14,--,--,,Water,Percentage of DWP water sourced from local groundwater
"10,103","12,031","11,405","9,682","7,511","9,971","8,030","9,910","10,097","10,536","7,480","6,953",--,--,--,--,--,--,--,,Water,Recycled water use
