FLAG,CATEGORY,FUNCTION,DEPARTMENT,PROGRAM,OPERATING INDICATOR / ASSET,UOM,UOM DESCRIPTION,2024,2023,2022,2021,2020,2019,2018,2017,2016,2015,2014,2013,2012,2011,2010,2009,2008,2007,2006,2005,2004,NOTE,CONTROLLER NOTE
N,Capital Asset,General Government,Information Technology Agency,Data/Voice/Video Eng & Operations,Fiber optic cabling,#,fiber miles,150.0,150.0,150,150,150,150,150,150.0,150,150,150,150,150,150,150,3426,9876,9870,9870,9855,9843,NO longer ITA,"By fiscal year 2010, DWP took over possession, management and control over majority of the assets."
N,Capital Asset,Protection of Persons and Property,Animal Services,Animal Shelter Operations,Animal shelters,#,,6.0,6.0,6,6,6,6,6,6.0,6,6,6,6,6,6,6,6,6,6,6,6,6,,
Y,Capital Asset,Protection of Persons and Property,Fire,,Fire stations,#,,102.0,106.0,106,106,106,106,106,106.0,106,106,106,106,106,106,106,106,105,104,103,103,103,,
Y,Capital Asset,Protection of Persons and Property,Fire,,Fire apparatus,#,,408.0,414.0,413,416,401,462,400,381.0,380,377,367,367,337,336,362,362,360,360,360,360,360,,"""Fire trucks"" renamed to ""Fire apparatus""."
Y,Capital Asset,Protection of Persons and Property,Police,,Patrol units,#,,1370.0,1396.0,1402,1415,1358,1382,1380,1347.0,1345,1374,1374,1374,1374,1374,1374,1374,1374,1374,1276,1276,,,
Y,Capital Asset,Protection of Persons and Property,Police,,Police stations,#,,29.0,29.0,29,29,29,29,29,29.0,29,28,29,29,29,29,28,26,25,21,21,21,,,
Y,Capital Asset,Protection of Persons and Property,Police,,Police training centers,#,,3.0,3.0,3,3,3,3,3,3.0,3,3,3,3,3,3,3,3,3,3,3,3,,,
Y,Capital Asset,Public Works,Bureau of Engineering,,Number of Bridges,#,,516.0,516.0,516,512,512,512,515,515.0,515,517,517,514,508,508,508,509,507,507,533,533,533,,
Y,Capital Asset,Public Works,Bureau of Street Lighting,"System Operation, Maintenance and Repair",Street lights,#,,213619.0,216210.0,211437,205025,223000,223000,220000,219000.0,220000,210662,209397,207384,206757,204750,204000,207000,206000,231402,221113,218248,242000,This indicator is no longer in use,
Y,Capital Asset,Public Works,Street Services,,Streets,#,of centerline miles,6500.0,6500.0,6500,6500,6500,6500,6500,6500.0,6500,6500,6500,6500,6500,6500,6500,6500,6500,6500,6489,6493,,,
Y,Capital Asset,Health and Sanitation,Sanitation,,Refuse collection trucks,#,,775.0,730.0,735,738,726,707,727,709.0,697,698,701,750,750,732,742,744,744,725,705,751,,,
Y,Capital Asset,Health and Sanitation,Sanitation,,Refuse yards,#,,6.0,6.0,6,6,6,6,6,6.0,6,6,6,6,6,6,6,6,6,6,6,6,,6 collection yards and 1 LSD yard,
Y,Capital Asset,Transportation,Transportation,,Automated traffic signal and control systems,#,,80.0,79.0,78,76,75,75,72,68.0,68,57,50,48,48,48,48,48,46,41,46,43,,,
Y,Capital Asset,Transportation,Transportation,,Bike paths,#,miles,18.0,18.0,15,15,15,15,15,14.0,14,14,14,14,13,13,13,12,12,12,14,14,,,
Y,Capital Asset,Transportation,Transportation,,Commuter buses,#,,599.0,498.0,470,469,432,392,392,390.0,399,387,385,371,361,407,450,468,440,488,535,516,,,
Y,Capital Asset,Transportation,Transportation,,Signalized Intersection & Signalized Midblock Pedestrian Crosswalk,#,,4892.0,4845.0,4835,4816,4789,4775,4744,4703.0,4697,4683,4677,4657,4625,4607,4589,4530,4515,4506,4555,4251,,,
Y,Capital Asset,Cultural and Recreational Services,Recreation and Parks,,Acres of beach land,#,,232.0,232.0,232,232,232,232,232,232.0,232,232,232,232,232,232,232,232,232,232,232,232,,,
Y,Capital Asset,Cultural and Recreational Services,Recreation and Parks,,Acres park land including beaches,#,,16188.0,16188.0,16172,16172,16171,16169,16169,15766.0,16152,16152,16149,16001,15865,15717,15717,15786,15710,15944,15822,15704,,,
Y,Capital Asset,Cultural and Recreational Services,Recreation and Parks,,Archery ranges,#,,3.0,3.0,3,3,3,3,3,3.0,3,3,3,3,3,3,3,3,3,3,3,3,,,
Y,Capital Asset,Cultural and Recreational Services,Recreation and Parks,,Baseball/softball diamonds,#,,256.0,256.0,256,256,256,256,256,256.0,256,256,256,256,256,256,256,256,256,255,253,253,,,
Y,Capital Asset,Cultural and Recreational Services,Recreation and Parks,,Children's play areas,#,,419.0,411.0,411,410,408,400,387,387.0,387,387,387,383,368,368,368,368,368,377,377,374,,,
Y,Capital Asset,Cultural and Recreational Services,Recreation and Parks,,Dog parks,#,,13.0,13.0,13,12,12,11,9,9.0,9,9,9,9,9,9,9,9,9,9,9,9,,,
Y,Capital Asset,Cultural and Recreational Services,Recreation and Parks,,Golf courses,#,,13.0,13.0,13,13,13,13,13,13.0,13,13,13,13,13,13,13,13,13,13,13,13,,,
Y,Capital Asset,Cultural and Recreational Services,Recreation and Parks,,Hiking trails,#,miles,162.0,162.0,162,162,162,162,92,92.0,92,92,92,92,92,92,92,92,92,92,92,92,,,
Y,Capital Asset,Cultural and Recreational Services,Recreation and Parks,,Historical sites,#,,11.0,11.0,11,11,11,11,11,11.0,11,11,11,11,11,11,11,11,11,11,11,11,,,
Y,Capital Asset,Cultural and Recreational Services,Recreation and Parks,,Horticulture centers,#,,6.0,6.0,6,6,6,6,6,6.0,6,6,6,6,6,6,6,6,6,6,6,6,,,
Y,Capital Asset,Cultural and Recreational Services,Recreation and Parks,,Indoor gyms,#,,114.0,114.0,114,114,114,114,95,95.0,95,95,95,95,95,95,95,95,95,95,95,95,,,
Y,Capital Asset,Cultural and Recreational Services,Recreation and Parks,,Lakes,#,,13.0,13.0,13,13,13,13,13,13.0,13,13,13,13,11,11,11,11,11,9,9,9,,,
Y,Capital Asset,Cultural and Recreational Services,Library,Public Library Services,Libraries,#,,73.0,73.0,73,73,73,73,73,73.0,73,73,73,73,73,73,73,72,72,72,72,72,,,
Y,Capital Asset,Cultural and Recreational Services,Recreation and Parks,,Licensed child-care centers,#,,12.0,4.0,2,2,2,2,2,2.0,2,3,2,2,2,2,2,26,26,26,25,24,,,
Y,Capital Asset,Cultural and Recreational Services,Recreation and Parks,,Museums,#,,12.0,12.0,12,12,12,12,12,12.0,12,12,12,12,12,12,12,12,12,7,7,7,,,
Y,Capital Asset,Cultural and Recreational Services,Recreation and Parks,,Park sites,#,,490.0,490.0,490,490,487,446,446,490.0,444,444,442,435,427,427,427,417,404,398,397,396,,,
Y,Capital Asset,Cultural and Recreational Services,Recreation and Parks,,Pools,#,,59.0,59.0,59,59,62,62,62,62.0,62,62,62,62,61,61,61,60,60,60,60,59,,,
Y,Capital Asset,Cultural and Recreational Services,Recreation and Parks,,Recreational centers,#,,123.0,123.0,123,123,123,184,184,184.0,184,184,184,184,184,184,184,183,183,181,180,179,,,
Y,Capital Asset,Cultural and Recreational Services,Recreation and Parks,,Recreational parks,#,,7.0,7.0,7,7,7,7,5,5.0,5,5,5,5,5,5,5,5,5,5,5,5,,,
Y,Capital Asset,Cultural and Recreational Services,Recreation and Parks,,Residential camps,#,,7.0,7.0,7,7,7,9,9,9.0,9,9,9,9,7,7,7,7,7,7,7,7,,,
Y,Capital Asset,Cultural and Recreational Services,Recreation and Parks,,Senior citizen centers,#,,29.0,29.0,29,29,29,30,29,35.0,30,31,35,31,31,31,31,31,31,30,30,30,,,
Y,Capital Asset,Cultural and Recreational Services,Recreation and Parks,,Skate parks,#,,29.0,29.0,27,27,27,27,26,26.0,26,26,28,21,18,9,9,9,9,7,7,7,,,
Y,Capital Asset,Cultural and Recreational Services,Recreation and Parks,,Tennis courts,#,,319.0,319.0,319,319,319,321,321,321.0,321,321,321,321,321,321,321,321,321,287,287,287,,,
Y,Capital Asset,Cultural and Recreational Services,Recreation and Parks,,Wedding sites,#,,19.0,19.0,19,19,19,19,19,19.0,19,19,19,19,19,12,12,12,12,12,12,12,,,
N,Capital Asset,Business-Type Activities,Airports,,Number of airports,#,,2.0,2.0,2,2,2,2,2,2.0,3,3,3,3,4,4,4,4,4,4,4,4,4,,"Airports operates LAX, ONT, and VNY. From 2017, Airports operates LAX & VNY. "
Y,Capital Asset,Business-Type Activities,Harbor,,Number of cargo terminals,#,,23.0,23.0,23,23,23,23,23,23.0,23,23,23,24,24,24,24,25,25,25,27,26,26,,
Y,Capital Asset,Business-Type Activities,Harbor,,Number of major container terminals,#,,8.0,8.0,8,8,8,8,8,8.0,8,8,8,8,8,8,8,8,8,8,8,8,8,,
Y,Capital Asset,Business-Type Activities,Power,,Generating units,#,,200.0,200.0,200,201,250,269,245,245.0,245,241,242,242,235,235,51,50,51,50,67,60,60,,Data changed to Department-owned generating units beginning fiscal year 2007. The increase is generating units is due to renewables.
Y,Capital Asset,Business-Type Activities,Power,,Overhead distribution lines,#,miles,10587.0,10717.0,10493,10462,10470,10350,10397,10329.0,10300,10288,10213,10220,10220,10186,10140,8782,6947,6954,7268,7268,6949,,
Y,Capital Asset,Business-Type Activities,Power,,Transmission lines,#,miles,3755.0,3755.0,3755,3769,3769,3791,3760,3632.0,3632,3632,3632,3632,3626,3626,3631,3631,3643,3643,3643,3631,3631,,
Y,Capital Asset,Business-Type Activities,Power,,Underground distribution lines,#,miles,4012.0,3998.0,3973,3942,3857,3732,3710,3693.0,3680,3677,3608,3561,3594,3547,3505,3235,6095,6061,6115,6115,6257,,
Y,Capital Asset,Business-Type Activities,Wastewater,,Sanitary sewers,#,miles,6750.0,6750.0,6700,6700,6700,6700,6700,6700.0,6700,6700,6700,6700,6700,6700,6500,6500,6550,6500,6500,6500,6500,,
Y,Capital Asset,Business-Type Activities,Wastewater,,Storm drain,#,miles,1220.0,1220.0,1220,1220,1319,1306,1306,1293.0,1272,1260,1260,1244,1200,1200,1200,1200,1200,1000,1000,1200,1500,,
Y,Capital Asset,Business-Type Activities,Water,,Aqueduct,#,miles,472.0,472.0,472,472,472,472,472,472.0,472,472,472,472,472,472,390,367,367,340,571,571,571,,
Y,Capital Asset,Business-Type Activities,Water,,Distribution pipe,#,miles,7341.0,7341.0,7341,7340,7340,7340,7337,7315.0,7288,7270,7263,7246,7225,7221,7273,7248,7227,7229,7137,7119,7108,,
Y,Capital Asset,Business-Type Activities,Water,,Number of storage reservoirs and tanks,#,,124.0,124.0,117,118,118,118,118,118.0,120,120,114,114,114,114,106,114,104,108,107,107,109,,
Y,Capital Asset,Business-Type Activities,Water,,Service connections,#,,716412.0,715459.0,713032,712451,710917,714427,719479,690728.0,729680,704176,696989,702485,701644,719154,718511,716919,715430,712184,709988,708167,706789,,
,,,,,,,,,,,,,,,,,,,,,,,,,,,,,,
,,,,,,,,,,,,,,,,,,,,,,,,,,,,,,
,,,,,,,,,,,,,,,,,,,,,,,,,,,,,,
Y,Operating Indicator,Health and Sanitation,Cannabis,Licensing,Number of Cannabis Businesses,#,,1420.0,1000.0,1000,825,425,311,169,,,,,,,,,,,,,,,,
Y,Operating Indicator,General Government,City Attorney,Criminal Prosecution,Combined criminal jury and court trials,#,,156.0,182.0,372,414,325,343,344,321.0,352,362,308,342,315,477,632,845,769,699,575,549,,,
D,Operating Indicator,General Government,City Attorney,Criminal Prosecution,Consumer cases concluded,#,,71.0,67.0,75,86,65,51,130,120.0,146,--,--,--,--,--,--,--,--,--,--,--,707,"Beginning in FY 2005, this category was broken into ""Consumer Protection-cases reviewed"" and ""Consumer Protection-consumer complaints"".",
Y,Operating Indicator,General Government,City Attorney,Criminal Prosecution,Consumer protection-cases reviewed,#,,60.0,189.0,210,290,213,123,200,200.0,230,100,150,160,159,160,170,300,265,230,200,194,,"Beginning in FY 2005, this category was broken into ""Consumer Protection-cases reviewed"" and ""Consumer Protection-consumer complaints"".",
Y,Operating Indicator,General Government,City Attorney,Criminal Prosecution,Environmental cases concluded,#,,22.0,435.0,475,463,471,459,465,452.0,383,412,409,329,488,312,350,600,542,450,375,250,,,
Y,Operating Indicator,General Government,City Attorney,Criminal Prosecution,Housing/rent control cases concluded,#,,1017.0,923.0,667,905,1097,855,744,764.0,1007,842,608,603,435,402,395,250,300,176,400,320,,,
Y,Operating Indicator,General Government,City Attorney,Criminal and Special Litigation,Percent of issues resolved within the neighborhood prosecutor program,%,,0.0,82.0,78,72,78,104,86,84.0,97,48,50,46,--,--,62,--,--,--,--,--,,Indicator not tracked in FY 2011 and FY 2012,Data for FY 2011 and FY 2012 were not available.increase in personnel & efficiencies in data collecting allowed for increase in closed projects
Y,Operating Indicator,General Government,General Services,Building Maintenance,% of Maintenance work orders completed,%,,72.0,83.0,78,66,78,69,72,73.0,71,71,71,--,--,--,--,--,--,--,--,--,--,Metric reported to Mayor's Office,
Y,Operating Indicator,General Government,General Services,Real Estate Services,City-as-tenant leases remaining-Includes 5 Bridge Leases funded by HEAP,#,,158.0,111.0,84,85,84,71,71,75.0,77,88,100,--,--,--,--,--,--,--,--,--,--,,
Y,Operating Indicator,General Government,General Services,Building Maintenance,Energy Conservation: # of energy audits completed,#,,20.0,13.0,12,0,9,19,20,20.0,20,8,12,--,--,--,--,--,--,--,--,--,--,"Metric reported to Mayor's Office. *Funding for the Energy and Water Management Group was discontinued in 2020-21, so no Energy Audits were completed.",
Y,Operating Indicator,General Government,General Services,Fleet Services,Fleet availability rate for Sanitation,%,,78.0,79.0,81,84,87,87,88,89.0,84,83,83,85,--,--,--,--,--,--,--,--,--,Metric reported to Mayor's Office,
Y,Operating Indicator,General Government,General Services,Fleet Services,Fleet availability rate for Street Services,%,,82.0,80.0,84,86,86,87,81,84.0,82,85,79,78,--,--,--,--,--,--,--,--,--,Metric reported to Mayor's Office,
Y,Operating Indicator,General Government,General Services,Fleet Services,Fleet availability rate for Transportation,%,,94.0,90.0,91,92,88,88,92,92.0,93,92,90,91,--,--,--,--,--,--,--,--,--,Metric reported to Mayor's Office,
Y,Operating Indicator,General Government,General Services,Custodial Services,% of municipal facilities cleaned daily,%,,100.0,100.0,100,100,100,100,100,100.0,90,90,85,--,--,--,--,--,--,--,--,--,--,Metric reported to Mayor's Office,
,Operating Indicator,General Government,General Services,Supply Services,Procurement Reform: # of days to process purchase orders under $100K,#,,27.0,30.0,32,24,31,36,44,27.0,35,--,--,--,--,--,--,--,--,--,--,--,--,Metric reported to Mayor's Office,
Y,Operating Indicator,General Government,Information Technology Agency,3-1-1 Call Center Operations,Number of calls received,#,,1348154.0,1364060.0,1409330,1444964,1456237,1179694,898435,1057107.0,1193757,1166105,1083097,1062894,1211000,1341000,1417801,1402658,1257629,998218,890233,611982,403386,,"The 3-1-1 Call Center Operations, which provides assistance on routine and non-emergency City services, began operations in November 2002."
Y,Operating Indicator,General Government,Information Technology Agency,3-1-1 Call Center Operations,Total Contacts,#,,2274727.0,2178266.0,2198227,2226070,2138683,1779798,1384829,1484035.0,1481185,1338830,1192706,1190105,--,--,--,--,--,--,--,--,--,,"The 3-1-1 Call Center Operations, which provides assistance on routine and non-emergency City services, began operations in November 2002."
Y,Operating Indicator,General Government,Information Technology Agency,3-1-1 Call Center Operations,Average wait time per caller,#,of seconds,190.0,282.0,222,190,158,174,294,370.0,142,61,70,224,170,180,140,40,53,--,--,--,--,,"The 3-1-1 Call Center Operations, which provides assistance on routine and non-emergency City services, began operations in November 2002."
N,Operating Indicator,General Government,Neighborhood Empowerment,Planning and Policy,Community Impact Statements submitted by Neighborhood Councils,#,Statements filed,1764.0,1324.0,1200,1163,647,614,408,320.0,258,343,152,-,114,--,--,--,--,--,--,--,,,
Y,Operating Indicator,General Government,Office of Finance,"Revenue Billings, Audit and Collections",Total tax accounts audited,#,,1484.0,1182.0,1098,1384,1473,1571,2133,2666.0,3465,4472,4819,4839,5146,5567,6297,7771,6677,5880,5545,4187,,,
Y,Operating Indicator,General Government,Office of Finance,"Revenue Billings, Audit and Collections",Revenue enhancement unit investigations,#,,60581.0,63514.0,71214,88525,98682,111916,122918,149547.0,138278,143328,157949,124389,107696,133009,93072,83611,71234,52441,27738,24463,,,
Y,Operating Indicator,General Government,Office of Finance,"Revenue Billings, Audit and Collections",Refund claims processed,#,,7500.0,9074.0,12665,10109,19338,4331,6596,5722.0,7417,6188,8411,10667,10010,16969,15591,27934,26125,19374,14240,13555,,,
Y,Operating Indicator,General Government,Office of Finance,"Revenue Billings, Audit and Collections",Collections from Citywide Collection Unit,$,in thousands,26424.0,24063.0,20108,18224,17732,21656,23143,23628.0,22017,24457,27551,27385,31019,27281,28332,30184,25700,--,--,--,,,
Y,Operating Indicator,General Government,Office of Finance,"Revenue Billings, Audit and Collections",Annual Business Tax renewal e-filings,#,,390175.0,380660.0,395290,330422,322104,308506,261926,220381.0,194545,169463,142220,120747,96787,70657,13687,28613,17548,--,--,--,,,
N,Operating Indicator,General Government,Personnel,Employee Selection,Exams completed in 150 days,%,,86.0,88.0,74,67,86,73,73,65.0,71,69,73,--,--,--,--,--,--,--,--,--,,,
Y,Operating Indicator,General Government,Personnel,Employee Training and Development,Non-mandated courses completed in the Online Training Academy,#,,36101.0,22241.0,21856,31305,"34,420**","9,188*",14496,20231.0,7996,5624,4119,951,--,--,--,--,--,--,--,--,,,
Y,Operating Indicator,Protection of Persons and Property,Animal Services,Animal Shelter Operations,Animals impounded,#,,43135.0,42176.0,40396,33314,44682,55515,53595,52460.0,51676,57225,56813,61632,64952,64417,64333,65445,57804,55570,57063,57923,59065,"This indicator was formerly ""Animals Rescued"".","This indicator was formerly ""Animals Rescued""."
Y,Operating Indicator,Protection of Persons and Property,Animal Services,Animal Shelter Operations,Animals adopted,#,,30478.0,27563.0,26227,19226,27573,35543,34811,32920.0,31100,32826,32910,32440,30414,29525,26952,28154,23608,25427,19592,18879,18741,FY 2013 figure adjusted to correct total.,FY 2013 figure adjusted to correct total.
Y,Operating Indicator,Protection of Persons and Property,Animal Services,Animal Shelter Operations,Animals euthanized,#,,7246.0,6439.0,5979,2195,4024,6497,7015,8425.0,10931,14083,15028,17063,23955,24632,25298,24742,19942,18108,19524,25029,29554,FY 2013 figure adjusted to correct total.,FY 2013 figure adjusted to correct total.
Y,Operating Indicator,Protection of Persons and Property,Animal Services,Animal Licensing and Permitting Operations,Dog licenses issued,#,,71725.0,73777.0,84206,84703,104550,124474,120669,130242.0,131959,120975,123008,126234,123060,121817,116500,121138,114531,126538,124802,130121,131522,FY 2013 figure adjusted to correct total.,FY 2013 figure adjusted to correct total.
Y,Operating Indicator,Protection of Persons and Property,Building and Safety,Engineering Plan Checking,Building Permits issued,#,,165834.0,173188.0,170414,147721,166417,177972,177783,164890.0,156940,141445,133573,126426,121140,115699,115225,110962,127502,139082,141288,141786,143998,FY 2004-2009 figures adjusted to correct data.,
Y,Operating Indicator,Protection of Persons and Property,Building and Safety,New Construction Inspection,Response to inspection requests within 24 hours,%,,98.0,95.0,97,97,96,84,84,91.0,90,95,94,96,98,98,98,--,--,--,--,--,,"FY 2008, 2009, 2015 figures adjusted to correct data.",FY 2013 figure adjusted to correct total.
Y,Operating Indicator,Protection of Persons and Property,Building and Safety,Engineering Plan Checking,Plan reviews completed within 15 days,%,,88.0,82.0,76,73,76,77,81,75.0,82,78,88,91,89,86,88,--,--,--,--,--,,FY 2010 figure adjusted to correct data.,
Y,Operating Indicator,Protection of Persons and Property,Building and Safety,Conservation of Existing Structures and Mechanical Devices,Complaints responded to within 10 days,%,,62.0,76.0,84,80,74,78,74,69.0,59,47,52,51,54,56,63,--,--,--,--,--,,,
Y,Operating Indicator,Protection of Persons and Property,Fire,Fire Suppression,Actual Fires - Structure fires,#,,2650.0,3896.0,3743,3871,3896,4002,4012,4449.0,4430,4562,4698,4624,4871,4172,3734,4026,3800,3327,3406,3222,--,,
Y,Operating Indicator,Protection of Persons and Property,Fire,Fire Suppression,Actual Fires - Non structure fires,#,,37903.0,32718.0,33812,31213,22063,17521,17016,13971.0,13137,12917,12069,10836,10991,10686,11640,12173,7400,10060,9358,6303,--,,
Y,Operating Indicator,Protection of Persons and Property,Fire,Fire Suppression,Emergency responses - Fires (includes automatic alarms),#,,73328.0,103098.0,115441,106824,97667,91492,133401,140933.0,132546,127380,133080,121381,122492,118986,114121,138200,137687,137309,137687,131293,130301,,
Y,Operating Indicator,Protection of Persons and Property,Fire,Fire Suppression,Emergency responses - Hazardous conditions,#,,3316.0,4128.0,3644,3168,3587,3103,3225,4101.0,5238,4190,4949,4734,4852,5209,4636,5700,5730,5567,5730,5464,5726,,
Y,Operating Indicator,Protection of Persons and Property,Fire,Fire Suppression,Emergency responses - Rescues and others,#,,24419.0,34309.0,30943,27202,26173,28558,31771,35366.0,44604,34331,40268,40822,39324,37834,38247,35500,30211,35773,30211,28808,33826,,
N,Operating Indicator,Protection of Persons and Property,Fire,Fire Suppression,Average Travel Time to Fire Incident,#,minutes.seconds,5.0,5.0,5,5,5,4,4,4.0,4,4,4,4,-,-,-,-,-,-,-,-,-,,
i,Operating Indicator,Protection of Persons and Property,Fire,Fire Suppression,Average Time to Leave Station after Notified - Fire Incident,#,minutes.seconds,1.0,1.0,1,1,1,1,1,1.0,1,1,1,1,-,-,-,-,-,-,-,-,-,,
N,Operating Indicator,Protection of Persons and Property,Fire,Metropolitan Fire Communications,Call Processing Time,#,minutes,1.0,1.0,1,1,1,1,1,1.0,1,1,1,1,-,-,-,-,-,-,-,-,-,,
N,Operating Indicator,Protection of Persons and Property,Fire,Emergency Medical Service,Average Travel Time to EMS Incident,#,minutes.seconds,5.0,5.0,5,5,5,4,4,4.0,4,4,4,4,-,-,-,-,-,-,-,-,-,,
N,Operating Indicator,Protection of Persons and Property,Fire,Emergency Medical Service,Average Time to Leave Station after Notified - EMS Incident,#,minutes.seconds,1.0,1.0,1,1,1,1,1,1.0,1,1,1,1,-,-,-,-,-,-,-,-,-,,
Y,Operating Indicator,Protection of Persons and Property,Police,Patrol,Part I crimes reported,#,,94821.0,134952.0,132352,113877,121307,126734,130804,129692.0,124623,111690,101228,103856,104604,106827,110827,115000,124000,132664,144100,151552,,,
Y,Operating Indicator,Protection of Persons and Property,Police,Patrol,Part II crimes reported,#,,60173.0,99020.0,96792,83997,89715,92489,97218,96128.0,98535,95257,90525,84174,85938,74251,77325,84000,95000,108246,67400,67977,,,
Y,Operating Indicator,Protection of Persons and Property,Police,Patrol,Total arrests,#,,38215.0,58049.0,56365,58875,72680,85507,96003,99011.0,126434,125567,130262,150552,162698,160480,151174,168000,167000,171390,185000,175666,,This is the number of all arrests made within LAPD jurisdiction.,
Y,Operating Indicator,Protection of Persons and Property,Police,Patrol,Response to emergency calls,#,in minutes,7.0,7.0,6,6,6,6,6,6.0,6,6,7,6,6,6,7,7,--,--,--,--,,This is the Median Citizen Response Time in Minutes.,
Y,Operating Indicator,Protection of Persons and Property,Police,Traffic Control,Fatal and severe* injury traffic accidents,#,,1354.0,1805.0,1885,13755,22050,25368,25387,25259.0,24399,24974,21026,20996,21216,18448,20408,26000,25000,23755,26014,24776,,,
Y,Operating Indicator,Protection of Persons and Property,Police,Traffic Control,Traffic citations issued,#,,97840.0,111773.0,107729,142938,220062,200439,216673,219911.0,234311,336683,447062,428178,504312,564432,594193,553000,527000,501964,466190,443990,,,
Y,Operating Indicator,Protection of Persons and Property,Police,Technical Support,Complaint board calls received - 911,#,,2946072.0,2918037.0,2936633,3063867,3631870,3530072,3366438,3147224.0,3196225,3220084,2284913,2276363,2269872,2140387,3557626,2520000,2303000,2104658,1726179,1752555,,,
Y,Operating Indicator,Protection of Persons and Property,Police,Specialized Crime Suppression and Investigation,Number of completed fingerprint cases,#,,2864.0,3466.0,3833,3554,3096,4049,4929,4241.0,4105,3923,3397,5070,4342,5492,9669,6778,3811,--,--,--,,"Operating Indicator changed from ""Number of backlogged fingerprint cases reduced"" since there are no case backlogs.",
Y,Operating Indicator,Protection of Persons and Property,Police,Specialized Crime Suppression and Investigation,Number of completed sexual assault kits,#,,1174.0,1196.0,988,833,1166,1072,1254,1275.0,1158,1105,1030,1188,--,1097,1332,2740,7240,--,--,--,,"Operating Indicator changed from ""Number of backlogged rape kits reduced"" since there are no backlogs in processing SAKs.",
Y,Operating Indicator,Public Works,Board of Public Works,Office of Community Beautification,Graffiti eradicated/square footage,#,"per 1,000 sq ft",35190.0,32173.0,28677,35021,27943,25319,28096,32388.0,27545,30620,32638,26117,30094,35696,32771,28294,31749,30504,25975,21441,22907,The City offers free graffiti removal services through its Operation Clean Sweep Program.,The City offers free graffiti removal services through its Operation Clean Sweep Program.
N,Operating Indicator,Public Works,Board of Public Works,Office of Community Beautification,Graffiti removal requests completed in 24 hrs,%,,63.0,73.0,74,73,68,62,73,77.0,55,48,66,58,63,63,66,--,--,--,--,--,,,
Y,Operating Indicator,Public Works,Bureau of Contract Administration,Construction Inspection,Number of private development inspections,#,,33.0,30.0,27,27,33,38,34,26.0,22,18,17,13,13,144,--,--,--,--,--,--,--,"calculated by number of ""final"" inspections on B-Permits (Private Development)",
N,Operating Indicator,Public Works,Bureau of Contract Administration,Contract Compliance,Prevailing wage restitution collected,$,in millions,2.0,1.0,2,1,0.36,1,1,2.0,1,1,2,1,1,1,1,1,1,--,0,1,--,,
Y,Operating Indicator,Public Works,Bureau of Engineering,Clean Water Infrastructure,Completed capital projects,#,Number of Completed Clean Water Capital Projects,35.0,30.0,53,77,100,60,88,66.0,82,83,77,58,51,65,61,--,--,--,--,--,,,
Y,Operating Indicator,Public Works,Bureau of Engineering,Mobility,Completed capital projects,#,Number of Completed Mobility Capital Projects,30.0,28.0,25,33,45,30,28,17.0,37,28,17,21,18,10,16,--,--,--,--,--,,,
Y,Operating Indicator,Public Works,Bureau of Engineering,Public Buildings and Open Spaces,Completed capital projects,#,Number of Completed Building & Open Spaces Capital Projects,19.0,32.0,32,45,28,25,27,23.0,25,36,30,37,23,43,47,--,--,--,--,--,,,
Y,Operating Indicator,Public Works,Bureau of Street Lighting,"System Operation, Maintenance and Repair",Percent of streetlights operating,%,,94.0,99.0,99,99,99,99,99,99.0,99,99,99,99,99,--,--,--,--,--,--,--,,,
,Operating Indicator,Public Works,Bureau of Street Lighting,Design and Construction,Percentage of streetlights that are LED,%,,94.0,94.0,94,92,91,89,84,82.0,80,76,72,65,40,--,,,,,,,,,
Y,Operating Indicator,Public Works,Street Services,Street Cleaning Program,% of Completion frequency-posted routes,%,,100.0,100.0,99,96,96,97,98,99.0,91,93,96,97,97,93,95,97,97,97,98,97,,,
Y,Operating Indicator,Public Works,Street Services,Street Resurfacing and Reconstruction Program,Streets resurfaced,#,of lane miles,216.0,513.0,550,557,663,720,660,848.0,855,855,,,,,,,,,,,,,
Y,Operating Indicator,Public Works,Street Services,Street Resurfacing and Reconstruction Program,Streets slurry sealed,#,of lane miles,824.0,832.0,1344,988,1080,1546,1739,1560.0,1555,1545,,,,,,,,,,,,,
Y,Operating Indicator,Public Works,Street Services,Street Improvement Program,Bus pads constructed,#,,57.0,68.0,76,63,53,86,55,49.0,58,101,76,97,144,144,36,76,40,51,46,100,,,
Y,Operating Indicator,Public Works,Street Services,Street Improvement Program,Access ramps constructed,#,,426.0,324.0,350,376,362,308,532,526.0,742,1035,1256,1560,1724,1829,1556,1044,1094,570,893,1200,,,
Y,Operating Indicator,Public Works,Street Services,Street Improvement Program,Concrete bus landings installed,#,,10.0,8.0,10,11,13,-,-,50.0,65,170,107,30,11,29,15,--,--,--,--,--,,,
Y,Operating Indicator,Public Works,Street Services,Street Improvement Program,Sidewalks repaired,#,of square feet,365873.0,465824.0,587819,568392,524247,313648,329410,309343.0,118732,--,--,--,--,--,--,59,59,51,59,52,,,
Y,Operating Indicator,Public Works,Street Services,Street Tree and Parkway Maintenance Program,Trees trimmed by City Forces - not by contractors,#,,45539.0,43873.0,29633,31252,37038,31693,31844,36036.0,33850,23142,14847,19607,12720,11240,23181,--,--,--,--,--,,,
Y,Operating Indicator,Public Works,Street Services,Maintaining Streets,Small asphalt repairs,#,of square feet,1256617.0,862735.0,554887,881243,824393,908679,820592,1513764.0,1121767,1050411,1402144,1416500,1206612,1190244,1448820,--,--,--,--,--,,,
,Operating Indicator,Public Works,Street Services,Maintaining Streets,Response time to street pothole service requests,#,of Business days,2.0,2.0,2,1,1,3,2,1.0,,,,,,,,,,,,,,,
Y,Operating Indicator,Health and Sanitation,Sanitation,Maintenance and Operation of Flood Control Facilities,Catch basin cleaning,#,catch basins,91962.0,93441.0,84012,82213,64222,90279,95561,91021.0,114699,73772,65492,65000,68750,63070,87051,115000,112300,113068,123521,87239,,"Per Gerald Watson, the decrease from 2019 to 2020 was due to staffing levels & COVID-19.",
Y,Operating Indicator,Health and Sanitation,Sanitation,Solid Resources,% of Convert refuse collection fleet to clean fuels,%,,96.0,82.0,81,82,85,83,82,80.0,78,78,76,78,74,71,66,61,44,--,--,--,,,
Y,Operating Indicator,Health and Sanitation,Sanitation,Household Refuse Collection Program,Tons Collected - Refuse,#,of tons,1019761.0,1026327.0,1076972,1006473,964151,942041,928377,953670.0,907611,873104,852635,848890,851434,882005,867113,1034429,1034429,932196,955092,1009618,,,
Y,Operating Indicator,Health and Sanitation,Sanitation,Household Refuse Collection Program,Tons Collected - Yard trimmings,#,of tons,426112.0,402297.0,392610,425133,462175,411188,414729,417354.0,417325,425070,428237,522737,470527,492341,474657,555049,545467,507100,503646,495387,,"There's a natural decline in green waste in 2022 (aka yard trimmings) tonnage due to drought. To address the drought issue, the City has put water restrictions in place to limit outdoor watering to 2x a week. Lack of water can stunt the growth of trees and plants. Some residents also responded to the drought issue by converting to waterwise landscaping with less vegetation. When there's less vegetation, less green waste would be generated.",
Y,Operating Indicator,Health and Sanitation,Sanitation,Household Refuse Collection Program,Tons Collected - Recyclables,#,of tons,220547.0,234801.0,256040,262021,221089,210944,207756,224796.0,216542,209924,198143,150380,143338,148194,141314,170000,206369,181215,191024,193941,,,
Y,Operating Indicator,Health and Sanitation,Sanitation,Household Refuse Collection Program,Tons Collected - Bulky items,#,of tons,41861.0,19246.0,44299,55499,52090,54238,53766,91225.0,60101,46416,33720,34000,27640,32479,33330,33146,33146,33047,33038,31150,,subset of refuse,
Y,Operating Indicator,Transportation,Transportation,Transportation Capital Programming,Active traffic congestion relief projects,#,,74.0,78.0,75,64,68,69,64,62.0,96,81,79,84,78,59,45,58,43,--,--,--,,,
Y,Operating Indicator,Transportation,Transportation,Parking Management and Intersection Control,Citations written,#,,1704235.0,1733033.0,1805286,1593817,1775106,2086277,2237086,2302206.0,2395778,2489390,2659718,2654910,2522302,2461529,2587925,2784351,2806712,3102611,3205565,3101079,,,
Y,Operating Indicator,Transportation,Transportation,Parking Management and Intersection Control,Crossing guard assignments,#,,527.0,604.0,566,541,544,538,537,529.0,523,524,507,492,492,486,486,486,486,486,501,525,,,
Y,Operating Indicator,Transportation,Transportation,Parking Management and Intersection Control,Hours of intersection control,#,,42384.0,42167.0,31373,87624,62260,43019,53901,32400.0,27615,25997,23490,23730,30370,27622,42842,72618,90478,79415,56837,84262,,,
Y,Operating Indicator,Transportation,Transportation,Transportation Capital Programming,Increase in bicycle lane miles,#,of miles,9.0,23.0,26,32,40,10,10,12.0,9,23,41,101,51,17,10,7,4,--,--,--,,,
Y,Operating Indicator,Transportation,Transportation,Traffic Control Devices,New signals (Traffic and Pedestrian) installed,#,,20.0,11.0,19,29,16,32,32,19.0,31,11,19,32,105,--,--,--,--,--,--,--,,,
Y,Operating Indicator,Transportation,Transportation,Parking Management and Intersection Control,Peak hour tows and other tows,#,,54684.0,54723.0,62075,45025,52591,58501,61060,32647.0,31245,49910,39999,45921,48648,41244,44334,55057,54231,8813,18359,10000,,,
Y,Operating Indicator,Transportation,Transportation,Transportation System Operations,Red curb miles reinstalled/installed,#,,188.0,215.0,245,250,203,99,199,295.0,362,334,372,392,470,466,540,611,523,729,526,500,,,
Y,Operating Indicator,Transportation,Transportation,Transportation System Operations,Signs maintained/replaced,#,,39853.0,29398.0,39327,47876,38275,20978,28115,46189.0,52422,49029,7812,43728,66556,63019,89415,108032,96885,116414,30000,21000,,,
Y,Operating Indicator,Transportation,Transportation,Transportation System Operations,Temporary signs installed/removed,#,,604685.0,651765.0,641705,290468,654822,770211,726009,726200.0,646724,365068,436589,471376,423759,414268,347990,365389,383005,360573,--,--,,,
Y,Operating Indicator,Transportation,Transportation,Transportation System Operations,Thermoplastic longline striping installed/reinstalled,#,of miles,817.0,656.0,1231,890,654,1470,933,963.0,1326,137,61,151,925,540,632,617,717,820,883,850,,,
Y,Operating Indicator,Transportation,Transportation,Transit Operations,Total transit vehicle passenger trips,#,,15779761.0,15424048.0,13451113,9629615,14277781,19292796,18527770,19741533.0,23895017,24306283,25453959,26467594,23824821,27466279,30535921,31860898,30724278,29990787,30765034,30851486,,,
Y,Operating Indicator,Transportation,Transportation,Traffic Control Devices,Traffic signals repaired,#,,7531.0,12270.0,15302,694,694,735,626,725.0,766,10797,8832,8769,8832,--,--,--,--,--,--,--,,,
Y,Operating Indicator,Cultural and Recreational Services,City Tourism,Convention and Tourism Development,Exhibit hall events hosted,#,,126.0,99.0,54,-,89,138,148,153.0,167,156,126,140,137,149,161,161,180,175,130,126,,The LACC continued to be impacted by the pandemic during Fiscal Year 2022,
Y,Operating Indicator,Cultural and Recreational Services,City Tourism,Convention and Tourism Development,Hosted Citywide Conventions,#,,15.0,20.0,13,-,12,23,27,32.0,29,25,23,24,23,22,13,19,14,16,13,14,,"Citywide - an event held at LACC (booked by LATCB) that attracts out-of-town visitors and generates at least 3,000 room nights with 1,500 room nights on peak and utilizes no fewer than 3 hotels.",
Y,Operating Indicator,Cultural and Recreational Services,City Tourism,Convention and Tourism Development,Delegates attending Citywide Conventions,#,,233064.0,376525.0,124852,-,227059,362442,440634,503036.0,496886,320900,299274,215800,291700,363000,167160,--,--,--,--,--,,"Citywide - an event held at LACC (booked by LATCB) that attracts out-of-town visitors and generates at least 3,000 room nights with 1,500 room nights on peak and utilizes no fewer than 3 hotels.",
Y,Operating Indicator,Cultural and Recreational Services,Cultural Affairs,Community Arts,Art exhibitions and gallery programs presented,#,Community Arts,1949.0,2902.0,3031,1502,2079,2852,1371,692.0,655,1082,65,60,52,27,46,52,70,70,70,70,,,
Y,Operating Indicator,Cultural and Recreational Services,Cultural Affairs,Community Arts,Special events/festivals,#,Community Arts,537.0,371.0,486,269,146,150,149,133.0,118,142,20,17,15,18,30,33,104,104,104,104,,,
N,Operating Indicator,Cultural and Recreational Services,Cultural Affairs,Performing Arts,Music/theatre programs presented,#,Performing Arts,972.0,494.0,450,227,308,415,591,751.0,505,759,--,--,--,--,--,--,--,390,400,292,,,
Y,Operating Indicator,Cultural and Recreational Services,Cultural Affairs,Community Arts,Art class enrollment,#,Community Arts,156938.0,138867.0,150052,136966,162216,228646,185546,182078.0,121356,212506,15000,14000,13500,13000,15000,16850,--,--,--,--,,,
Y,Operating Indicator,Cultural and Recreational Services,Cultural Affairs,Performing Arts,Theater attendance,#,Performing Arts,82556.0,80242.0,51360,26559,149812,81379,98498,112200.0,68129,91166,150000,140000,128625,115000,121014,120000,--,--,--,--,,,
Y,Operating Indicator,Cultural and Recreational Services,El Pueblo,Events,Cultural and special events,#,,133.0,76.0,30,32,114,93,122,152.0,137,73,119,--,--,--,--,--,--,--,--,--,,,
Y,Operating Indicator,Cultural and Recreational Services,El Pueblo,History and Museums,Museum visitors,#,,267719.0,256832.0,46665,82239,283557,443648,493460,656322.0,582623,627301,588517,--,--,--,--,--,--,--,--,--,,,
Y,Operating Indicator,Cultural and Recreational Services,Library,Public Library Services,Items circulated,#,,25569226.0,21866853.0,18874937,15203658,16282884,17153200,16142466,16276897.0,16353158,15800499,15086605,14983679,15337032,15144804,16524292,15925000,15900000,15800000,15639485,15744303,,,
Y,Operating Indicator,Cultural and Recreational Services,Library,Public Library Services,Registered borrowers,#,,3205992.0,3029366.0,2863691,2696713,2546442,2338648,2120032,1665288.0,1411764,1236890,1148250,1099165,1076578,1231764,1368354,1475000,1445000,1440000,1429345,1424922,,,
Y,Operating Indicator,Cultural and Recreational Services,Library,Public Library Services,Number of people visiting library facilities,#,,5747048.0,4545301.0,3710717,36828,6591517,10214070,11198977,13145751.0,13504301,14093505,14584162,14096741,13821289,12673629,16041407,16400000,16100000,16003909,14032869,14011932,,,
Y,Operating Indicator,Cultural and Recreational Services,Library,Public Library Services,Attendance level for cultural programming,#,,227794.0,160784.0,50655,79116,270482,349820,402881,417831.0,368339,371810,355211,531498,332937,301387,283000,282380,279560,--,--,--,,,
Y,Operating Indicator,Cultural and Recreational Services,Recreation and Parks,Recreational Opportunities,Aquatics - Pool attendance,#,,3017416.0,2753968.0,1656417,216335,920940,2764705,2592208,2430377.0,2962513,2648817,2951899,3255404,2696366,2635207,3296327,2811807,2849338,--,--,--,,,
Y,Operating Indicator,Cultural and Recreational Services,Recreation and Parks,Recreational Opportunities,Camps - Camper days,#,of days,257927.0,103468.0,207097,91301,67065,63060,73929,70654.0,65283,66626,62427,55624,56204,18900,34060,39513,52000,50000,48454,52652,,,
Y,Operating Indicator,Cultural and Recreational Services,Recreation and Parks,Recreational Opportunities,Municipal Sports - Team sports participants,#,,17172.0,15736.0,35987,14148,48405,55570,75306,81572.0,86806,83045,90815,101916,94141,72502,75500,76543,76000,74000,76498,73307,,,
Y,Operating Indicator,Cultural and Recreational Services,Recreation and Parks,Museums and Educational,Visitors to museums (excluding Griffith Observatory),#,,525528.0,434526.0,366888,129094,368514,496342,541539,539173.0,537762,472044,429085,310000,325000,--,--,--,--,--,--,--,,,
Y,Operating Indicator,Cultural and Recreational Services,Recreation and Parks,Advance Planning,New parks opened to the public,#,,1.0,1.0,-,2,2,4,2,5.0,8,7,10,8,16,--,--,--,--,--,--,--,,,
Y,Operating Indicator,Cultural and Recreational Services,Recreation and Parks,Educational Exhibits,Observatory Attendance,#,,1564508.0,1250733.0,653836,10575,1080718,1532916,1628315,1565700.0,1417282,1264376,1155104,1033429,,,,,,,,,,,
Y,Operating Indicator,Cultural and Recreational Services,Recreation and Parks,Expo Center,Number of visitors to the Expo Center,#,,859617.0,747493.0,534672,68995,628184,744509,709056,675291.0,456607,416053,448860,889000,819000,--,--,--,--,--,--,--,,,
Y,Operating Indicator,Cultural and Recreational Services,Zoo,Educational Exhibits,Attendance,#,,1596645.0,1515878.0,1408915,656689,1191773,1803699,1802387,1743795.0,1784786,1752279,1550343,1506274,1660450,1543232,1459080,1556162,1602171,1564674,1523469,1396538,,,
Y,Operating Indicator,Community Development,Aging,Senior Social Services,Prop A - One-way transportation trips,#,One Way Trips,86386.0,84006.0,84838,93958,84038,121155,125648,123253.0,130175,132101,131269,129354,128300,134412,135057,134849,142152,133807,130200,145000,,,
Y,Operating Indicator,Community Development,Aging,Senior Social Services,Congregate meals served,#,Meals Served,576155.0,470086.0,1381882,1167267,749667,624406,666705,681524.0,697731,726873,711895,768560,834063,844074,845797,840605,835229,859169,906858,964196,,,
Y,Operating Indicator,Community Development,Aging,Senior Social Services,Homebound meals served,#,Meals Served,904948.0,833936.0,742785,998532,813338,707325,721423,725079.0,737256,739957,755480,768536,756462,781553,809649,791422,817630,816581,845904,839460,,,
Y,Operating Indicator,Community Development,Aging,Family Caregiver Services,Community education participants,#,Participant Total,623.0,936.0,1662,2596,1476,4145,4515,2652.0,2486,2872,8490,7682,14820,13026,13412,12012,2668,3032,3537,4811,,,
,Operating Indicator,Community Development,City Planning,Community Planning,No. of Community Plans Less Than 10 Years Old,#,,15.0,12.0,7,6,6,6,6,3.0,5,2,2,3,4,--,--,--,--,--,--,--,--,,
Y,Operating Indicator,Community Development,City Planning,Geographic Project Planning,Annual Number of Cases Completed,#,,2500.0,3220.0,2983,3078,3005,3042,2853,2110.0,3522,2133,1774,1549,1432,--,--,--,--,--,--,--,--,,
N,Operating Indicator,Community Development,City Planning,Major Projects and Project Plan Support,Entitlement Cases Requiring an Environmental Impact Report,#,,23.0,29.0,29,29,29,28,20,17.0,11,9,--,--,--,--,--,--,--,--,--,--,--,,
Y,Operating Indicator,Community Development,Disability,ADA Compliance,Sign language and captioning requests processed,#,,195.0,176.0,186,303,397,490,327,94.0,389,397,245,342,294,--,--,--,--,--,--,--,,,
Y,Operating Indicator,Community Development,Disability,AIDS Coordination,Syringes removed,#,in millions,1.0,2.0,2,2,3,2,1,1.0,1,1,1,1,1,--,--,--,--,--,--,--,,,
Y,Operating Indicator,Community Development,Disability,AIDS Coordination,Individuals serviced by Prevention Program,#,,54083.0,53927.0,51270,36956,27945,33640,23000,25000.0,27528,25569,46877,--,--,--,--,--,--,--,--,--,,,
Y,Operating Indicator,Community Development,Disability,AIDS Coordination,HIV tests/referrals provided,#,,5299.0,952.0,17242,19491,18793,18630,18000,10000.0,-,-,37176,,,--,,,,--,--,--,,,
Y,Operating Indicator,Community Development,Economic and Workforce Development,Economic Development,Businesses established by Business Source,#,,255.0,270.0,203,141,167,128,232,324.0,291,205,221,231,64,182,--,--,--,--,--,--,,,Department name changed from Community Development in Fiscal Year 2013
Y,Operating Indicator,Community Development,Economic and Workforce Development,Workforce Development,Number of total WIOA enrollments,#,,13749.0,13181.0,13389,13860,23182,26898,32430,32075.0,34946,22302,3900,4695,4218,6237,--,--,--,--,--,--,,,
Y,Operating Indicator,Community Development,Economic and Workforce Development,Economic Development,Number of new jobs created through business source and lending,#,,561.0,631.0,644,301,898,1162,1069,1364.0,1039,2000,331,,,,,,,,,,,,
Y,Operating Indicator,Community Development,Economic and Workforce Development,Workforce Development,Number of HireLA Youth placed in employment,#,,6004.0,8461.0,13262,10817,7264,20060,16834,15500.0,15070,11382,10256,,,,,,,,,,,,
Y,Operating Indicator,Community Development,Housing and Community Investment,Housing Preservation and Production,Low income units financed by GAP under the Homeownership Program,#,Loans Funded,47.0,41.0,22,59,87,72,56,44.0,76,80,91,--,--,--,--,57,133,120,125,90,,Source: Gloria Torres/Ryan Elefson,
Y,Operating Indicator,Community Development,Housing and Community Investment,Houising Strategies & Services,Number of housing units made lead safe,#,number of units remediated,33.0,28.0,3,0,26,24,48,86.0,61,84,114,121,195,41,80,138,135,--,--,--,,Soruce: Lisseth Romero - 213.808.8828 Sara Wall,
Y,Operating Indicator,Community Development,Housing and Community Investment,Compliance Monitoring,Affordable units monitored,#,,51395.0,48215.0,47486,46043,45875,43275,41812,42757.0,40218,46041,25061,21578,20226,20684,15121,18000,18000,17476,17000,15000,,Source: Brittanya Murillo- 213.808.8976; Daniel De Vera,
Y,Operating Indicator,Community Development,Housing and Community Investment,Code Enforcement,Periodic unit inspections,#,number of rental units inspected annually,123923.0,120547.0,132066,74077,86095,155388,178646,177795.0,169568,164655,165928,180484,178160,176908,189611,180776,192316,213224,152106,153000,,Source: Daniel Murcia,
Y,Operating Indicator,Community Development,Housing and Community Investment,Code Enforcement,Multi-family unit inspected every 4 years,#,number of rental units inspected per inspection cycle,840000.0,800000.0,760000,760000,750000,750000,750000,720000.0,742523,720000,180000,179728,189771,180000,183741,183741,--,--,--,--,,Source: Daniel Murcia,
Y,Operating Indicator,Community Development,Housing and Community Investment,Rent,Rent adjustments processed,#,Number of closed cases,1272.0,1193.0,1068,1106,1231,1067,669,559.0,405,476,381,--,--,--,--,550,525,575,550,510,,Source Valerie Steffens - 213.922.9631,
Y,Operating Indicator,Community Development,Housing and Community Investment,Rent,Rental units registered,#,,395395.0,555468.0,559825,423829,445977,514464,508064,528716.0,532046,528395,530894,529106,531603,531999,532691,518000,518000,518658,600000,600000,,Source Valerie Steffens - 213.922.9631,
Y,Operating Indicator,Community Development,Housing and Community Investment,Rent,Tenant complaints processed,#,,10058.0,8673.0,8711,6924,10163,9405,9728,7661.0,6897,6248,5874,5780,5426,6408,5632,8900,8100,7404,8000,8000,,Source Valerie Steffens - 213.922.9631,
Y,Operating Indicator,Community Development,Housing and Community Investment,Rent,Percent of complaints resolved within 120 days,%,,66.0,78.0,92,93,87,88,79,78.0,79,89,88,--,--,--,--,--,--,--,--,--,,Source Valerie Steffens - 213.922.9631,
Y,Operating Indicator,Community Development,Housing and Community Investment,Finance & Development,Number of new funded transit oriented development housing units,#,transit oriented development units financed,1427.0,855.0,2472,820,824,1653,669,459.0,585,526,828,--,--,--,--,--,--,--,--,--,,"Source: Yaneli Ruiz - 213.808.8951 - counting ALL units, including bond only and ahsc only",
Y,Operating Indicator,Community Development,Housing and Community Investment,Strategic Planning & Policy Development,Number of housing units contacted that are at risk of losing their affordability restrictions,#,"Number of at-risk tenants educated about their tenant rights, responsibilities and options",7.0,325.0,129,474,1491,1285,82,1364.0,3441,842,344,--,--,--,--,--,--,--,--,--,,Source: Daniel Thompson -,
Y,Operating Indicator,Business-Type Activities,Airports,,Aircraft movements,#,in thousands,912.0,875.0,846,664,770,937,957,933.0,970,944,974,939,976,989,1025,1049,1249,1225,1220,1270,1280,,
Y,Operating Indicator,Business-Type Activities,Airports,,Passengers,#,in millions,77.0,71.0,61,29,63,88,87,83.0,82,76,73,69,67,65,63,62,69,69,69,68,65,,
Y,Operating Indicator,Business-Type Activities,Airports,,Air cargo,#,in thousand tons,2328.0,2375.0,2945,2817,2285,2401,2416,2316.0,2655,2588,2393,2400,2366,2296,2242,2018,2519,2631,2677,2718,2661,,
Y,Operating Indicator,Business-Type Activities,Harbor,,Inbound tonnage,#,in millions tons,99.0,91.0,113,114,100,114,103,106.0,106,103,99,93,98,94,88,94,105,118,113,102,104,,
Y,Operating Indicator,Business-Type Activities,Harbor,,Outbound tonnage,#,in millions tons,91.0,88.0,109,102,84,97,88,92.0,79,75,74,72,75,68,67,66,65,72,69,60,58,,
Y,Operating Indicator,Business-Type Activities,Harbor,,Containerized cargo volume,#,in millions of TEUs,9.0,9.0,10,10,9,10,9,9.0,8,8,8,8,8,8,7,7,8,9,8,7,7,,
Y,Operating Indicator,Business-Type Activities,Harbor,,Vessel arrivals,#,,1735.0,1757.0,1917,1668,1731,1917,1904,2060.0,2014,1846,2196,2089,2100,2236,2124,2322,2467,2920,2771,2646,2812,,
Y,Operating Indicator,Business-Type Activities,Harbor,,Cruise passengers,#,,1097019.0,1445613.0,490978,6221,487013,586786,479388,534484.0,676644,578902,541418,355875,515827,667434,802899,990965,1191449,1194984,1205947,1097204,803308,Revised 2017 Last year data,
Y,Operating Indicator,Business-Type Activities,Power,,Kilowatt hours sold,#,of hours in billions,22.0,23.0,23,23,22,23,23,24.0,25,25,26,26,25,25,26,25,26,26,26,25,25,,
Y,Operating Indicator,Business-Type Activities,Power,,Customers- number,#,in thousands,1588.0,1575.0,1565,1547,1538,1529,1516,1507.0,1499,1493,1503,1479,1471,1461,1447,1452,1446,1448,1445,1437,1428,,
Y,Operating Indicator,Business-Type Activities,Power,,Energy production,#,of kwh in billions,22.0,24.0,24,24,24,25,25,26.0,27,27,27,27,28,27,28,29,29,28,30,29,29,,
Y,Operating Indicator,Business-Type Activities,Power,,Kilowatt hours of power from energy efficiency,#,of kilowatt hours,277400.0,328200000.0,398900000,300300000,349616610,476850850,445630321,475091080.0,412191134,296379450,251556177,--,--,--,--,--,--,--,--,--,--,,
Y,Operating Indicator,Business-Type Activities,Power,,Cumulative Feed in Tariff (FiT) installations,#,of kilowatts,110681.0,102082.0,97429,86800,70300,65578,46700,29250.0,11519,7532,800,--,--,--,--,--,--,--,--,--,--,,
Y,Operating Indicator,Business-Type Activities,Power,,Solar Incentive Program (SIP) installed capacity,#,of kilowatts,0.0,451.0,129,7130,6000,32330,28730,44599.0,40710,27250,28861,24505,18919,13518,4650,4699,2078,--,--,--,--,,
Y,Operating Indicator,Business-Type Activities,Power,,Solar Incentive Program (SIP) cumulative capacity,#,of kilowatts,295943.0,295943.0,295492,295358,271850,282858,250528,221798.0,176330,135620,105466,79605,55099,36181,22663,17248,12549,10471,--,--,--,,
Y,Operating Indicator,Business-Type Activities,Power,,System Average Interruption Frequency Index - SAIFI,#,of interruptions per customer,1.0,1.0,1,1,1,1,1,1.0,1,1,0,0,1,1,1,1,1,--,--,--,--,,
Y,Operating Indicator,Business-Type Activities,Power,,System Average Interruption Duration Index - SAIDI,#,of minutes per customer,111.0,213.0,115,161,102,175,150,162.0,125,85,62,72,190,115,121,78,122,--,--,--,--,,
Y,Operating Indicator,Business-Type Activities,Power,,"Power poles replaced, installed and reinforced",#,,2931.0,3459.0,3799,3944,4033,3757,3018,2656.0,2436,2393,1599,1135,1813,2211,3113,2745,--,--,--,--,--,,
Y,Operating Indicator,Business-Type Activities,Wastewater,Maintenance and Operation of Wastewater Facilities,HWRP wastewater treatment,#,in MGD,267.0,262.0,251,248,257,267,259,258.0,252,263,279,285,288,297,299,314,322,341,337,358,339,,
Y,Operating Indicator,Business-Type Activities,Wastewater,Maintenance and Operation of Wastewater Facilities,HWRP wastewater recycled,#,in MGD,56.0,60.0,48,73,73,68,74,73.0,47,45,47,46,45,45,45,44,45,44,44,44,42,,
Y,Operating Indicator,Business-Type Activities,Wastewater,Maintenance and Operation of Wastewater Facilities,TIWRP wastewater treatment,#,in MGD,15.0,15.0,14,12,12,12,12,14.0,15,16,15,16,16,15,16,16,16,16,16,16,,,
Y,Operating Indicator,Business-Type Activities,Wastewater,Maintenance and Operation of Wastewater Facilities,TIWRP wastewater recycled,#,in MGD,6.0,5.7,6,5,4,2,3,2.0,4,5,4,4,1,2,4,5,4,3,1,1,,,
Y,Operating Indicator,Business-Type Activities,Wastewater,Maintenance and Operation of Wastewater Facilities,LAGWRP wastewater treatment,#,in MGD,15.0,16.0,17,17,17,17,17,16.0,17,18,18,19,19,20,20,20,19,16,13,16,,,
Y,Operating Indicator,Business-Type Activities,Wastewater,Maintenance and Operation of Wastewater Facilities,LAGWRP wastewater recycled,#,in MGD,11.0,11.0,13,14,14,14,15,14.0,14,14,15,16,16,17,18,17,17,14,4,3,,,
Y,Operating Indicator,Business-Type Activities,Wastewater,Maintenance and Operation of Wastewater Facilities,DCTWRP wastewater treatment,#,in MGD,44.0,43.0,43,39,41,43,43,49.0,51,47,43,57,57,52,52,65,62,54,49,57,,,
Y,Operating Indicator,Business-Type Activities,Wastewater,Maintenance and Operation of Wastewater Facilities,DCTWRP water recycled,#,in MGD,30.0,32.0,31,28,29,29,28,29.0,31,32,33,28,28,32,34,32,30,25,25,26,,,
Y,Operating Indicator,Business-Type Activities,Wastewater,Maintenance and Operation of Wastewater Facilities,CWCD sewer cleaning - miles of sewers cleaned,#,of miles,6819.0,6790.0,6644,6640,6393,6787,6870,6830.0,7127,6928,6614,6750,6750,6093,5903,5000,4981,4930,4797,3627,,,
Y,Operating Indicator,Business-Type Activities,Water,,Gallons sold,#,of gallons in billions,135.0,134.0,149,157,150,146,154,147.0,149,162,177,178,170,169,166,189,199,207,194,191,203,,
Y,Operating Indicator,Business-Type Activities,Water,,Customers - number,#,in thousands,698.0,697.0,694,692,689,687,683,680.0,678,676,679,676,674,667,659,666,666,667,670,664,662,the number of distinct service agreements and addresses.,
N,Operating Indicator,Business-Type Activities,Water,,Per capita water use,#,of gallons per day,104.0,101.0,113,113,105,105,112,102.0,104,114,123,131,123,122,125,141,151,156,147,--,,"Reported annually by calendar year. For example, 2013 is for calendar year 2013, not FY 2013.","Reported annually by calendar year. For example, 2013 is for calendar year 2013, not FY 2013."
Y,Operating Indicator,Business-Type Activities,Water,,Water main breaks,#,of breaks,1059.0,1375.0,1114,1064,1099,1495,1450,1390.0,1547,1241,1146,1148,1319,1237,1453,1422,1363,2031,--,--,,,
Y,Operating Indicator,Business-Type Activities,Water,,Cumulative miles of water main replaced,#,of miles,34.0,38.0,32,30,27,32,41,242.0,207,175,154,131,102,85,63,47,29,14,--,--,,,
Y,Operating Indicator,Business-Type Activities,Water,,Water purchased from MWD,%,% of total water supply,32.0,51.0,75,63,32,30,36,45.0,71,71,76,69,39,31,48,71,65,44,--,--,,,
Y,Operating Indicator,Business-Type Activities,Water,,Percentage of DWP water sourced from local groundwater,%,of DWP Water,2.0,7.0,11,11,7,7,4,10.0,16,18,12,10,11,9,14,10,11,14,--,--,,,
Y,Operating Indicator,Business-Type Activities,Water,,Recycled water use,#,of acre feet,10029.0,10103.0,12031,11405,9682,7511,9971,8030.0,9910,10097,10536,7480,6953,--,--,--,--,--,--,--,,,
